NCode,Year,Month,TOT_Flights,TOT_Passengers,difference,Arr_flights,Arr_del15,Carrier_ct,Arr_cancelled,Arr_diverted,Arr_delay,inc_dec,inc_dec_label
1,2010,1,57387,6695224,1632,590,103,36,15,2,5341,Increase,1
1,2011,1,57344,6706040,10816,592,99,35,19,1,5213,Increase,1
1,2012,1,55706,6769841,63801,533,77,28,9,1,3886,Increase,1
1,2013,1,56892,6977376,207535,547,101,32,11,1,5202,Increase,1
1,2014,1,57405,7104283,126907,540,112,35,19,1,6329,Increase,1
1,2015,1,56247,6947198,-157085,544,118,38,11,1,6858,Decrease,2
1,2016,1,89259,11281553,4334355,796,131,46,29,1,7321,Increase,1
1,2017,1,88127,11051300,-230253,786,151,44,11,2,8336,Decrease,2
1,2018,1,87905,11264338,213038,767,118,40,15,1,7041,Increase,1
1,2010,2,50671,5955653,-256271,535,112,37,29,1,6388,Decrease,2
1,2011,2,50370,5979189,23536,536,119,35,35,1,6422,Increase,1
1,2012,2,53098,6415216,436027,510,65,24,6,1,3285,Increase,1
1,2013,2,51643,6359713,-55503,497,94,28,10,1,4972,Decrease,2
1,2014,2,51162,6375175,15462,489,102,29,23,1,6086,Increase,1
1,2015,2,48813,6216284,-158891,498,99,30,32,1,6271,Decrease,2
1,2016,2,85571,10561759,4345475,752,116,36,11,1,6878,Increase,1
1,2017,2,80518,10167600,-394159,714,96,30,8,1,5383,Decrease,2
1,2018,2,82018,10710899,543299,712,126,35,9,2,7341,Increase,1
1,2010,3,59058,7503386,80947,599,134,41,7,2,7783,Increase,1
1,2011,3,58457,7421882,-81504,599,102,37,11,2,5697,Decrease,2
1,2012,3,58018,7605195,183313,569,104,29,9,2,5951,Increase,1
1,2013,3,58432,7545556,-59639,556,95,28,5,1,5367,Decrease,2
1,2014,3,59063,7548879,3323,551,100,30,10,1,5640,Increase,1
1,2015,3,57522,7507133,-41746,561,119,42,17,1,6951,Decrease,2
1,2016,3,95949,12635859,5128726,860,160,47,5,2,9155,Increase,1
1,2017,3,93615,12532952,-102907,868,157,46,14,1,8943,Decrease,2
1,2018,3,92756,12864259,331307,823,118,42,26,1,6430,Increase,1
1,2010,4,56053,7145798,-91712,566,89,33,4,2,4945,Decrease,2
1,2011,4,55994,7120831,-24967,557,141,37,15,3,8600,Decrease,2
1,2012,4,53991,7128467,7636,534,78,23,20,2,4842,Increase,1
1,2013,4,55551,7035784,-92683,553,140,37,12,2,9359,Decrease,2
1,2014,4,56507,7268701,232917,552,94,27,2,2,5415,Increase,1
1,2015,4,56807,7359251,90550,560,109,33,4,3,7021,Increase,1
1,2016,4,90740,11830169,4470918,814,125,39,7,2,7364,Increase,1
1,2017,4,89750,12059664,229495,767,154,41,8,1,9905,Increase,1
1,2018,4,90685,12241519,181855,759,116,37,5,2,6867,Increase,1
1,2010,5,57248,7375276,153923,607,128,37,11,3,7704,Increase,1
1,2011,5,56008,7359261,-16015,591,138,41,33,5,9459,Decrease,2
1,2012,5,57123,7563103,203842,579,107,28,4,3,6925,Increase,1
1,2013,5,58034,7457847,-105256,586,128,34,8,4,8319,Decrease,2
1,2014,5,58001,7588216,130369,557,113,34,13,3,7146,Increase,1
1,2015,5,56738,7481877,-106339,588,113,33,12,3,7553,Decrease,2
1,2016,5,94853,12614397,5132520,894,164,48,6,3,10275,Increase,1
1,2017,5,94306,12682795,68398,831,158,43,5,2,9327,Increase,1
1,2018,5,94386,12906289,223494,829,165,49,10,3,11053,Increase,1
1,2010,6,56480,7645804,20831,583,136,41,13,4,8119,Increase,1
1,2011,6,57244,7715144,69340,572,116,43,13,3,6817,Increase,1
1,2012,6,55263,7640614,-74530,544,99,32,8,3,6219,Decrease,2
1,2013,6,57868,7719991,79377,552,156,39,8,3,10533,Increase,1
1,2014,6,59099,7854466,134475,546,168,41,6,3,11031,Increase,1
1,2015,6,57443,7889049,34583,569,126,39,7,3,8539,Increase,1
1,2016,6,96462,13146977,5257928,895,234,71,9,3,15658,Increase,1
1,2017,6,94074,13007839,-139138,787,195,51,13,2,13113,Decrease,2
1,2018,6,94938,13411369,403530,784,189,57,14,3,12167,Increase,1
1,2010,7,59399,8063218,-95292,603,130,42,7,3,7265,Decrease,2
1,2011,7,59574,8185077,121859,591,118,45,12,2,6888,Increase,1
1,2012,7,57630,7981144,-203933,559,122,36,7,3,7529,Decrease,2
1,2013,7,60549,8073292,92148,576,138,38,11,3,8045,Increase,1
1,2014,7,61187,8243194,169902,565,147,40,7,3,8772,Increase,1
1,2015,7,100157,13968150,5724956,947,180,57,7,3,10499,Increase,1
1,2016,7,99003,13563881,-404269,928,252,75,16,4,17371,Decrease,2
1,2017,7,97202,13448312,-115569,863,212,60,16,4,14557,Decrease,2
1,2018,7,97600,13820780,372468,807,220,65,19,3,14826,Increase,1
1,2010,8,58921,7711330,-7686,602,109,40,5,2,6347,Decrease,2
1,2011,8,57879,7645856,-65474,586,119,43,20,2,7105,Decrease,2
1,2012,8,56331,7633181,-12675,558,128,40,11,2,7488,Decrease,2
1,2013,8,60134,7786977,153796,572,98,31,6,2,5516,Increase,1
1,2014,8,59055,7816456,29479,550,139,40,6,3,8544,Increase,1
1,2015,8,97140,13341262,5524806,938,170,57,9,3,10151,Increase,1
1,2016,8,96048,12704813,-636449,863,223,66,16,3,15074,Decrease,2
1,2017,8,96121,13113261,408448,809,168,48,10,2,10033,Increase,1
1,2018,8,96536,13303705,190444,804,204,60,14,3,13634,Increase,1
1,2010,9,54225,6691329,181430,564,87,27,4,2,4696,Increase,1
1,2011,9,54148,6850570,159241,545,90,33,4,2,5075,Increase,1
1,2012,9,51675,6560296,-290274,523,202,71,16,1,11697,Decrease,2
1,2013,9,54145,6638533,78237,526,81,27,3,2,4830,Increase,1
1,2014,9,54105,6712979,74446,515,93,29,3,1,5020,Increase,1
1,2015,9,87823,11547803,4834824,834,114,40,4,2,6310,Increase,1
1,2016,9,86065,11220742,-327061,763,127,38,3,1,7107,Decrease,2
1,2017,9,81706,10786327,-434415,735,91,31,34,1,5139,Decrease,2
1,2018,9,88084,11093237,306910,775,151,45,15,2,9938,Increase,1
1,2010,10,55874,7293763,173457,604,75,27,6,2,4081,Increase,1
1,2011,10,55484,7234188,-59575,577,92,34,3,2,4645,Decrease,2
1,2012,10,53470,6946304,-287884,560,164,54,16,1,7902,Decrease,2
1,2013,10,56801,7225471,279167,572,97,30,1,1,4724,Increase,1
1,2014,10,56109,7185944,-39527,544,124,33,5,1,7517,Decrease,2
1,2015,10,91683,12419858,5233914,868,114,40,8,2,6615,Increase,1
1,2016,10,88625,11764077,-655781,808,114,37,9,1,5854,Decrease,2
1,2017,10,90566,12386167,622090,765,109,36,4,1,6010,Increase,1
1,2018,10,93393,12488511,102344,798,160,47,7,2,10044,Increase,1
1,2010,11,54327,6869244,185965,576,82,27,2,1,4021,Increase,1
1,2011,11,52244,6809507,-59737,532,93,30,2,1,4559,Decrease,2
1,2012,11,53348,6881150,71643,538,104,40,4,1,5044,Increase,1
1,2013,11,54298,6670197,-210953,540,88,28,9,1,4566,Decrease,2
1,2014,11,54393,6690267,20070,532,111,33,3,1,6405,Increase,1
1,2015,11,88367,11520798,4830531,830,127,42,6,2,7264,Increase,1
1,2016,11,85478,11169788,-351010,789,112,33,2,1,5695,Decrease,2
1,2017,11,83751,11505169,335381,718,79,29,1,1,4091,Increase,1
1,2018,11,87943,11930809,425640,769,140,45,5,1,8470,Increase,1
1,2010,12,56927,7136105,65059,585,98,32,14,2,5356,Increase,1
1,2011,12,55194,7008306,-127799,529,88,33,3,1,4324,Decrease,2
1,2012,12,57025,7206281,197975,546,123,40,11,1,6830,Increase,1
1,2013,12,56290,7329858,123577,544,124,35,36,1,6827,Increase,1
1,2014,12,58474,7439835,109977,534,137,42,4,1,7787,Increase,1
1,2015,12,92667,12091996,4652161,832,157,52,14,2,9200,Increase,1
1,2016,12,90157,11695734,-396262,794,159,49,6,1,9405,Decrease,2
1,2017,12,90212,12120035,424301,737,128,40,3,1,7616,Increase,1
1,2018,12,90974,12143341,23306,746,137,42,14,2,7749,Increase,1
3,2010,1,18210,1749292,89313,361,86,24,5,1,5712,Increase,1
3,2011,1,18504,1913431,164139,364,107,36,20,1,6285,Increase,1
3,2012,1,20684,2163320,249889,364,67,22,1,1,3564,Increase,1
3,2013,1,22579,2383218,219898,378,80,27,1,1,4347,Increase,1
3,2014,1,22060,2340212,-43006,368,117,39,39,2,9711,Decrease,2
3,2015,1,25144,2656288,316076,379,87,25,19,1,4846,Increase,1
3,2016,1,27075,2943758,287470,371,98,36,14,1,5712,Increase,1
3,2017,1,29428,3286615,342857,391,96,31,8,2,6403,Increase,1
3,2018,1,28647,3162299,-124316,389,109,39,23,1,8298,Decrease,2
3,2010,2,16536,1641712,5607,340,90,27,19,1,5533,Increase,1
3,2011,2,17365,1816986,175274,340,98,29,17,2,5703,Increase,1
3,2012,2,20069,2120683,303697,354,54,19,0,0,2636,Increase,1
3,2013,2,20119,2162397,41714,342,92,30,13,1,5164,Increase,1
3,2014,2,21176,2229900,67503,330,97,29,18,2,5746,Increase,1
3,2015,2,22378,2434608,204708,347,115,34,23,1,7430,Increase,1
3,2016,2,25742,2859264,424656,351,99,32,9,1,7778,Increase,1
3,2017,2,26263,2931039,71775,357,82,25,16,1,4827,Increase,1
3,2018,2,27333,3078400,147361,357,84,31,6,1,4932,Increase,1
3,2010,3,19621,2113759,142753,394,98,32,11,1,6150,Increase,1
3,2011,3,20988,2304872,191113,393,110,35,2,1,6871,Increase,1
3,2012,3,22858,2563659,258787,403,78,27,1,0,4097,Increase,1
3,2013,3,24177,2741783,178124,401,108,33,3,1,6845,Increase,1
3,2014,3,25112,2752376,10593,377,78,24,7,1,4017,Increase,1
3,2015,3,26500,2996501,244125,396,103,32,8,2,6855,Increase,1
3,2016,3,28584,3306487,309986,384,89,30,2,1,5412,Increase,1
3,2017,3,30238,3479226,172739,406,102,31,16,0,6917,Increase,1
3,2018,3,30278,3655332,176106,414,121,43,27,1,7322,Increase,1
3,2010,4,19085,2033575,86866,374,52,17,2,1,2888,Increase,1
3,2011,4,20695,2184496,150921,387,117,34,4,2,7725,Increase,1
3,2012,4,22283,2474239,289743,390,51,20,0,0,2666,Increase,1
3,2013,4,23354,2548441,74202,378,103,29,3,1,6197,Increase,1
3,2014,4,24729,2687165,138724,368,77,20,5,1,4337,Increase,1
3,2015,4,26250,2921357,234192,380,71,21,2,1,4244,Increase,1
3,2016,4,27796,3127031,205674,374,75,26,3,1,5074,Increase,1
3,2017,4,30047,3452798,325767,394,102,30,6,1,7867,Increase,1
3,2018,4,30971,3613440,160642,404,124,40,5,1,8708,Increase,1
3,2010,5,18411,1981128,156824,350,56,17,4,1,3288,Increase,1
3,2011,5,20291,2194775,213647,359,83,22,2,1,4952,Increase,1
3,2012,5,21654,2372460,177685,353,59,18,0,1,3308,Increase,1
3,2013,5,23451,2559967,187507,355,68,19,1,1,4156,Increase,1
3,2014,5,25009,2735578,175611,353,70,21,9,2,4174,Increase,1
3,2015,5,26634,2957150,221572,364,54,17,3,1,3397,Increase,1
3,2016,5,28884,3242528,285378,362,68,24,1,1,3686,Increase,1
3,2017,5,30047,3400616,158088,381,114,34,10,1,9236,Increase,1
3,2018,5,31533,3648011,247395,384,105,36,5,1,6818,Increase,1
3,2010,6,18826,2089259,187683,356,63,20,3,1,3917,Increase,1
3,2011,6,20806,2238640,149381,366,93,29,3,1,6453,Increase,1
3,2012,6,22226,2486807,248167,363,77,26,4,1,5668,Increase,1
3,2013,6,24089,2634481,147674,362,106,27,3,1,7768,Increase,1
3,2014,6,25314,2751663,117182,348,71,21,7,1,4061,Increase,1
3,2015,6,26884,2980269,228606,358,73,20,4,1,4831,Increase,1
3,2016,6,28738,3283542,303273,361,89,28,3,1,5593,Increase,1
3,2017,6,30277,3452496,168954,378,139,38,9,1,11516,Increase,1
3,2018,6,31409,3684272,231776,380,95,31,4,1,5953,Increase,1
3,2010,7,20682,2349986,168810,387,93,33,2,1,5813,Increase,1
3,2011,7,22681,2574756,224770,391,98,32,2,1,6180,Increase,1
3,2012,7,24506,2788867,214111,393,93,27,3,1,6850,Increase,1
3,2013,7,26339,2946349,157482,389,135,37,4,1,9332,Increase,1
3,2014,7,27154,3087651,141302,370,114,31,11,1,7893,Increase,1
3,2015,7,29181,3317803,230152,381,85,25,4,1,5007,Increase,1
3,2016,7,30142,3526570,208767,378,113,36,8,1,8584,Increase,1
3,2017,7,32185,3733335,206765,395,133,40,10,1,10699,Increase,1
3,2018,7,32788,3950721,217386,392,118,34,9,1,9003,Increase,1
3,2010,8,20571,2338954,148190,377,83,30,2,1,5086,Increase,1
3,2011,8,21179,2422272,83318,390,121,36,27,2,9396,Increase,1
3,2012,8,24446,2792767,370495,391,99,31,2,1,7249,Increase,1
3,2013,8,26305,2924716,131949,386,104,30,1,1,6328,Increase,1
3,2014,8,27457,3130118,205402,366,80,24,2,1,4032,Increase,1
3,2015,8,28968,3281740,151622,378,93,28,4,1,5939,Increase,1
3,2016,8,30233,3503468,221728,375,96,30,5,1,6612,Increase,1
3,2017,8,31869,3698497,195029,391,115,36,9,1,8213,Increase,1
3,2018,8,32671,3920068,221571,392,119,34,10,1,9738,Increase,1
3,2010,9,17805,1868196,248215,344,68,21,4,1,4279,Increase,1
3,2011,9,19396,2013055,144859,339,74,21,1,1,4364,Increase,1
3,2012,9,21079,2158609,145554,342,58,17,0,1,3565,Increase,1
3,2013,9,21694,2179006,20397,326,53,17,1,1,3341,Increase,1
3,2014,9,22738,2356158,177152,313,42,11,1,1,2035,Increase,1
3,2015,9,25005,2632872,276714,335,65,20,1,1,3569,Increase,1
3,2016,9,26606,2917917,285045,339,70,20,2,1,3989,Increase,1
3,2017,9,26178,2774734,-143183,358,73,21,33,1,5202,Decrease,2
3,2018,9,29889,3206421,431687,354,75,20,4,1,4901,Increase,1
3,2010,10,18510,2005270,283058,368,83,26,2,1,4814,Increase,1
3,2011,10,19795,2158699,153429,364,82,23,2,1,4843,Increase,1
3,2012,10,19978,2194459,35760,357,67,21,26,1,3323,Increase,1
3,2013,10,22482,2330251,135792,340,44,13,0,0,2151,Increase,1
3,2014,10,23855,2585511,255260,341,54,14,1,1,2809,Increase,1
3,2015,10,25908,2868702,283191,359,66,24,2,1,3480,Increase,1
3,2016,10,26995,3034721,166019,357,73,25,8,1,3961,Increase,1
3,2017,10,28797,3171761,137040,374,68,20,8,1,4519,Increase,1
3,2018,10,30266,3380598,208837,367,75,23,2,1,4468,Increase,1
3,2010,11,18680,1988898,221453,349,70,24,2,1,3425,Increase,1
3,2011,11,20186,2197294,208396,374,51,17,0,1,2640,Increase,1
3,2012,11,21734,2338413,141119,370,60,22,6,1,3510,Increase,1
3,2013,11,22826,2312511,-25902,356,52,17,1,1,2468,Decrease,2
3,2014,11,23958,2544364,231853,352,63,17,3,1,3189,Increase,1
3,2015,11,25796,2877515,333151,368,60,22,2,1,3184,Increase,1
3,2016,11,27386,3119857,242342,365,56,20,1,1,3050,Increase,1
3,2017,11,28324,3194738,74881,370,48,17,1,1,2466,Increase,1
3,2018,11,29931,3388464,193726,373,104,35,3,1,7248,Increase,1
3,2010,12,18932,2038669,81653,385,125,44,33,1,8280,Increase,1
3,2011,12,22133,2333624,294955,386,60,22,1,1,3435,Increase,1
3,2012,12,23454,2480086,146462,390,114,37,1,1,7328,Increase,1
3,2013,12,25212,2704414,224328,386,133,39,6,1,7399,Increase,1
3,2014,12,26830,2855423,151009,385,72,22,2,1,3593,Increase,1
3,2015,12,28569,3149250,293827,389,114,40,1,1,7398,Increase,1
3,2016,12,29769,3375937,226687,386,105,35,4,2,6922,Increase,1
3,2017,12,30711,3436594,60657,390,100,33,1,1,6712,Increase,1
3,2018,12,31717,3543098,106504,373,93,35,1,1,6670,Increase,1
2,2010,1,65382,7702695,2443106,518,85,27,11,1,4826,Increase,1
2,2011,1,65285,7819752,117057,531,100,30,34,1,4921,Increase,1
2,2012,1,64110,7953430,133678,447,57,16,3,1,2928,Increase,1
2,2013,1,65764,8381449,428019,437,52,17,2,1,3000,Increase,1
2,2014,1,66244,8730077,348628,441,108,35,22,1,7826,Increase,1
2,2015,1,75398,9527796,797719,444,56,18,5,0,3169,Increase,1
2,2016,1,80737,10310923,783127,471,62,20,7,1,3973,Increase,1
2,2017,1,81423,10396929,86006,469,84,28,5,1,6653,Increase,1
2,2018,1,82354,10474984,78055,488,65,19,11,1,5099,Increase,1
2,2010,2,58580,7167302,2430075,495,96,30,29,1,5418,Increase,1
2,2011,2,61128,7451332,284030,494,89,25,16,1,4718,Increase,1
2,2012,2,60672,7736453,285121,434,42,13,1,0,2142,Increase,1
2,2013,2,60705,7948313,211860,413,52,17,4,0,2795,Increase,1
2,2014,2,60782,8232731,284418,426,75,25,20,1,4300,Increase,1
2,2015,2,69361,9112908,880177,417,79,25,12,1,5143,Increase,1
2,2016,2,78405,9936823,823915,452,58,18,2,1,3990,Increase,1
2,2017,2,75625,9855304,-81519,438,43,14,2,1,2636,Decrease,2
2,2018,2,77379,10263641,408337,454,54,17,0,1,3737,Increase,1
2,2010,3,69528,9326281,3654903,580,104,34,9,2,6010,Increase,1
2,2011,3,72838,9645165,318884,549,113,31,4,1,5657,Increase,1
2,2012,3,70828,9908972,263807,488,68,21,1,1,3378,Increase,1
2,2013,3,73642,10310658,401686,477,67,24,4,1,3965,Increase,1
2,2014,3,78193,11061693,751035,512,79,27,1,1,4030,Increase,1
2,2015,3,85633,11791801,730108,519,79,27,4,1,4663,Increase,1
2,2016,3,90059,12120982,329181,532,63,21,0,1,3806,Increase,1
2,2017,3,91129,12629542,508560,531,66,20,3,1,4447,Increase,1
2,2018,3,93458,13079280,449738,557,66,23,6,1,3881,Increase,1
2,2010,4,67873,8904471,3273222,539,80,27,3,1,4017,Increase,1
2,2011,4,69778,9255986,351515,513,105,28,5,1,5543,Increase,1
2,2012,4,68634,9487120,231134,483,42,15,1,1,2181,Increase,1
2,2013,4,71453,9654246,167126,479,68,23,1,1,3974,Increase,1
2,2014,4,75818,10649663,995417,509,74,23,0,1,3815,Increase,1
2,2015,4,83400,11325451,675788,505,64,21,1,1,3731,Increase,1
2,2016,4,88202,11756089,430638,525,50,19,0,1,3115,Increase,1
2,2017,4,86235,11746235,-9854,531,100,32,22,1,10109,Decrease,2
2,2018,4,90997,12524301,778066,538,70,22,2,1,4223,Increase,1
2,2010,5,70255,9256936,3597025,558,128,39,6,2,7123,Increase,1
2,2011,5,72340,9836378,579442,553,92,28,3,1,5114,Increase,1
2,2012,5,70825,9821860,-14518,494,65,19,1,1,3465,Decrease,2
2,2013,5,73924,10236729,414869,501,68,23,0,1,3833,Increase,1
2,2014,5,78834,11208092,971363,512,78,26,1,1,4376,Increase,1
2,2015,5,86680,11989622,781530,506,63,21,1,1,4286,Increase,1
2,2016,5,92528,12721839,732217,556,62,23,0,1,3582,Increase,1
2,2017,5,93396,12969769,247930,549,93,28,0,1,6047,Increase,1
2,2018,5,94643,13256137,286368,564,83,26,0,1,4934,Increase,1
2,2010,6,73792,10259748,4172837,533,148,51,10,2,8325,Increase,1
2,2011,6,74303,10394708,134960,525,106,32,6,2,6410,Increase,1
2,2012,6,73857,10670933,276225,498,69,23,2,2,4120,Increase,1
2,2013,6,77132,10985391,314458,487,113,36,2,1,7551,Increase,1
2,2014,6,81846,11742373,756982,505,96,29,0,1,5485,Increase,1
2,2015,6,89948,12656656,914283,512,88,27,2,2,5772,Increase,1
2,2016,6,94411,13096982,440326,540,88,27,0,2,5870,Increase,1
2,2017,6,94452,13383938,286956,544,92,28,1,1,6110,Increase,1
2,2018,6,97321,13908000,524062,561,101,31,1,2,7839,Increase,1
2,2010,7,75962,10687565,4092628,583,158,57,15,2,9497,Increase,1
2,2011,7,78000,11114098,426533,553,105,32,5,1,6490,Increase,1
2,2012,7,76902,11135946,21848,522,100,29,3,2,6600,Increase,1
2,2013,7,81154,11494944,358998,524,129,41,2,2,8647,Increase,1
2,2014,7,85679,12334056,839112,531,70,25,1,1,4330,Increase,1
2,2015,7,94405,13271065,937009,557,85,26,1,2,4978,Increase,1
2,2016,7,97378,13400991,129926,569,101,32,2,2,8122,Increase,1
2,2017,7,97909,13868602,467611,569,94,30,0,2,6449,Increase,1
2,2018,7,100994,14541591,672989,589,95,27,1,2,7071,Increase,1
2,2010,8,75914,10293188,3987517,568,118,40,9,1,6402,Increase,1
2,2011,8,75946,10580189,287001,542,83,27,10,2,4942,Increase,1
2,2012,8,77443,11032735,452546,527,80,25,3,1,4900,Increase,1
2,2013,8,81146,11388945,356210,521,77,26,0,1,4208,Increase,1
2,2014,8,85648,12185027,796082,521,76,25,2,1,4812,Increase,1
2,2015,8,94628,13057259,872232,554,79,25,0,1,4729,Increase,1
2,2016,8,96125,12681279,-375980,560,99,39,12,1,9333,Decrease,2
2,2017,8,98503,13811393,1130114,573,70,23,1,1,4110,Increase,1
2,2018,8,101886,14486157,674764,594,97,28,1,2,6902,Increase,1
2,2010,9,70026,8915764,3554266,519,90,27,5,1,4231,Increase,1
2,2011,9,67915,9083586,167822,477,55,16,1,1,2777,Increase,1
2,2012,9,69940,9282424,198838,466,46,15,1,1,2573,Increase,1
2,2013,9,72057,9606298,323874,461,44,16,0,1,2371,Increase,1
2,2014,9,77581,10490236,883938,466,65,19,1,1,3212,Increase,1
2,2015,9,83050,11206275,716039,494,46,16,0,1,2571,Increase,1
2,2016,9,86595,11604026,397751,507,49,17,0,1,2881,Increase,1
2,2017,9,85379,11383338,-220688,521,46,17,12,1,2974,Decrease,2
2,2018,9,89795,12046886,663548,542,62,19,1,1,3572,Increase,1
2,2010,10,71737,9547508,3800853,571,91,29,6,1,4956,Increase,1
2,2011,10,69725,9452030,-95478,519,52,17,2,1,2472,Decrease,2
2,2012,10,71241,9876428,424398,507,63,19,10,1,2992,Increase,1
2,2013,10,74881,10114299,237871,496,42,16,0,0,2053,Increase,1
2,2014,10,80723,11105361,991062,501,66,19,0,0,3183,Increase,1
2,2015,10,85750,11941199,835838,528,41,17,0,1,2317,Increase,1
2,2016,10,88911,12126695,185496,534,38,15,3,0,2069,Increase,1
2,2017,10,90643,12588534,461839,544,57,19,0,1,3476,Increase,1
2,2018,10,93486,13014236,425702,566,55,18,1,1,2969,Increase,1
2,2010,11,67858,8671227,3390285,548,99,27,6,1,4828,Increase,1
2,2011,11,65581,8766003,94776,480,52,16,1,1,2434,Increase,1
2,2012,11,67689,9201018,435015,473,42,15,2,1,2167,Increase,1
2,2013,11,70154,9068374,-132644,468,54,18,0,0,2861,Decrease,2
2,2014,11,76252,10008190,939816,472,63,19,0,0,3217,Increase,1
2,2015,11,81745,10974273,966083,516,54,18,0,1,2969,Increase,1
2,2016,11,83255,11317599,343326,494,42,15,0,1,2331,Increase,1
2,2017,11,84203,11546198,228599,509,32,12,0,0,1706,Increase,1
2,2018,11,86321,12188151,641953,519,85,22,1,1,4857,Increase,1
2,2010,12,67272,8597107,3238675,530,132,41,25,1,7258,Increase,1
2,2011,12,66068,8617035,19928,471,53,17,1,1,2716,Increase,1
2,2012,12,66241,8850793,233758,438,62,19,1,0,3310,Increase,1
2,2013,12,70447,9744275,893482,446,89,29,2,1,4790,Increase,1
2,2014,12,77196,10270836,526561,459,50,17,0,0,2599,Increase,1
2,2015,12,81766,10878147,607311,481,77,24,1,1,5297,Increase,1
2,2016,12,83151,11211792,333645,484,88,30,1,1,5834,Increase,1
2,2017,12,82629,11047880,-163912,492,66,23,14,1,4907,Decrease,2
2,2018,12,86696,11906879,858999,510,54,17,0,1,2896,Increase,1
5,2010,1,32254,4003090,-132542,375,55,13,6,1,3037,Decrease,2
5,2011,1,30440,3783322,-219768,359,47,10,8,1,2577,Decrease,2
5,2012,1,54804,6885348,3102026,497,82,23,6,1,4494,Increase,1
5,2013,1,53308,6844952,-40396,476,78,25,3,1,3978,Decrease,2
5,2014,1,50362,6692849,-152103,484,116,43,23,1,7396,Decrease,2
5,2015,1,50396,6751586,58737,499,109,43,13,1,6337,Increase,1
5,2016,1,51733,7074970,323384,462,65,24,16,1,3990,Increase,1
5,2017,1,56154,7684332,609362,487,102,31,3,1,7085,Increase,1
5,2018,1,58151,7864745,180413,468,62,16,9,1,3947,Increase,1
5,2010,2,28684,3623651,-267425,348,51,12,20,1,2794,Decrease,2
5,2011,2,27458,3448444,-175207,330,55,12,13,0,2945,Decrease,2
5,2012,2,53221,6595585,3147141,475,73,21,4,1,3549,Increase,1
5,2013,2,48946,6290923,-304662,448,76,24,9,1,3947,Decrease,2
5,2014,2,46950,6237368,-53555,455,119,42,17,1,7021,Decrease,2
5,2015,2,46924,6293908,56540,483,113,42,13,1,6292,Increase,1
5,2016,2,51077,6754878,460970,469,60,19,4,1,4503,Increase,1
5,2017,2,51824,6997339,242461,435,75,21,4,1,5333,Increase,1
5,2018,2,53669,7319342,322003,438,64,14,2,1,3954,Increase,1
5,2010,3,34005,4577330,-295068,396,57,13,6,1,3246,Decrease,2
5,2011,3,32412,4260716,-316614,376,57,11,3,0,3248,Decrease,2
5,2012,3,60674,8071403,3810687,538,117,39,3,1,5843,Increase,1
5,2013,3,57529,7832228,-239175,544,96,32,8,1,5289,Decrease,2
5,2014,3,57127,7867714,35486,545,106,39,6,1,5813,Increase,1
5,2015,3,57737,8009921,142207,581,117,45,9,1,7020,Increase,1
5,2016,3,58536,8165767,155846,515,91,27,6,1,6256,Increase,1
5,2017,3,62469,8921902,756135,521,91,24,7,1,6041,Increase,1
5,2018,3,63566,9282661,360759,524,72,18,12,1,4665,Increase,1
5,2010,4,32318,4319578,-309343,381,41,10,3,1,2318,Decrease,2
5,2011,4,30169,4058484,-261094,346,62,12,4,1,3582,Decrease,2
5,2012,4,57845,7792049,3733565,544,97,32,3,1,4774,Increase,1
5,2013,4,54537,7241565,-550484,518,117,33,6,1,7420,Decrease,2
5,2014,4,52996,7347457,105892,520,91,27,2,1,4745,Increase,1
5,2015,4,55432,7635556,288099,530,103,39,5,1,6330,Increase,1
5,2016,4,56080,7752413,116857,497,66,20,7,1,4451,Increase,1
5,2017,4,59729,8700616,948203,469,84,19,0,1,5804,Increase,1
5,2018,4,63688,9171422,470806,494,78,18,1,1,5255,Increase,1
5,2010,5,33405,4583930,-93925,412,57,12,4,1,3762,Decrease,2
5,2011,5,30861,4277544,-306386,377,75,16,5,1,4883,Decrease,2
5,2012,5,58958,7996841,3719297,580,122,38,5,1,6900,Increase,1
5,2013,5,56477,7710357,-286484,544,105,30,4,1,6114,Decrease,2
5,2014,5,56261,7896271,185914,558,122,36,7,3,7821,Increase,1
5,2015,5,58337,8193347,297076,600,133,45,5,3,8231,Increase,1
5,2016,5,59743,8468933,275586,540,83,26,3,2,5692,Increase,1
5,2017,5,63768,9139255,670322,531,92,20,1,1,6480,Increase,1
5,2018,5,66346,9639780,500525,539,108,23,3,2,7984,Increase,1
5,2010,6,33782,4832573,-249878,413,77,17,6,2,5115,Decrease,2
5,2011,6,32324,4596150,-236423,396,93,23,7,1,6617,Decrease,2
5,2012,6,60627,8443069,3846919,577,161,56,9,2,9832,Increase,1
5,2013,6,57379,8131651,-311418,538,146,43,7,2,10163,Decrease,2
5,2014,6,57597,8211399,79748,564,159,49,8,2,9901,Increase,1
5,2015,6,60048,8660155,448756,583,179,63,14,3,12517,Increase,1
5,2016,6,61279,9087550,427395,522,102,32,4,3,7208,Increase,1
5,2017,6,67548,9996061,908511,525,104,24,2,2,7768,Increase,1
5,2018,6,70169,10594530,598469,505,121,26,2,2,8692,Increase,1
5,2010,7,35197,4972537,-370775,428,66,16,5,2,4218,Decrease,2
5,2011,7,33757,4822822,-149715,404,97,23,10,1,6557,Decrease,2
5,2012,7,62563,8765737,3942915,624,207,69,14,2,14415,Increase,1
5,2013,7,59271,8353752,-411985,582,144,41,8,2,9405,Decrease,2
5,2014,7,59436,8528311,174559,595,139,44,8,2,8680,Increase,1
5,2015,7,62466,9157394,629083,588,148,55,6,2,9950,Increase,1
5,2016,7,64199,9552576,395182,559,122,37,7,3,9456,Increase,1
5,2017,7,70280,10549831,997255,547,110,26,4,2,8745,Increase,1
5,2018,7,73369,11232531,682700,535,128,29,4,2,9677,Increase,1
5,2010,8,35310,4967064,-275931,426,58,13,5,1,3424,Decrease,2
5,2011,8,33231,4675124,-291940,410,80,20,10,1,4996,Decrease,2
5,2012,8,61585,8561650,3886526,612,159,59,10,1,9942,Increase,1
5,2013,8,58542,8234124,-327526,577,115,35,3,2,6641,Decrease,2
5,2014,8,57352,8293833,59709,587,129,41,6,2,7568,Increase,1
5,2015,8,60522,8819722,525889,568,114,41,4,2,7211,Increase,1
5,2016,8,64453,9289824,470102,565,122,35,4,2,8172,Increase,1
5,2017,8,68293,9959773,669949,554,101,22,22,2,7043,Increase,1
5,2018,8,72439,10729872,770099,541,148,32,7,3,11641,Increase,1
5,2010,9,32342,4335112,-10553,401,38,9,2,1,2070,Decrease,2
5,2011,9,29200,4029665,-305447,363,62,14,2,0,3099,Decrease,2
5,2012,9,54537,7091670,3062005,563,97,32,3,1,5234,Increase,1
5,2013,9,52470,6967682,-123988,515,75,22,3,1,4827,Decrease,2
5,2014,9,51617,7064107,96425,544,98,29,6,1,5561,Increase,1
5,2015,9,53518,7566787,502680,503,67,24,1,1,4015,Increase,1
5,2016,9,58735,8318827,752040,539,81,26,2,1,5233,Increase,1
5,2017,9,59969,8373405,54578,494,57,14,15,1,3395,Increase,1
5,2018,9,64862,8958848,585443,514,88,20,2,1,6159,Increase,1
5,2010,10,33592,4584200,4703,429,41,9,2,0,2213,Increase,1
5,2011,10,29712,4102396,-481804,369,62,15,2,0,3085,Decrease,2
5,2012,10,54039,7260158,3157762,577,107,36,27,1,5817,Increase,1
5,2013,10,55031,7352122,91964,569,83,27,2,1,4344,Increase,1
5,2014,10,55106,7467989,115867,602,131,43,4,1,7211,Increase,1
5,2015,10,57623,8226048,758059,540,64,25,2,1,4035,Increase,1
5,2016,10,61584,8726159,500111,561,89,28,4,1,5644,Increase,1
5,2017,10,63879,9039736,313577,534,73,17,2,1,4878,Increase,1
5,2018,10,68129,9718565,678829,529,94,21,1,1,5536,Increase,1
5,2010,11,31396,4106564,66266,379,31,7,1,0,1603,Increase,1
5,2011,11,27097,3690317,-416247,333,54,13,2,1,2747,Decrease,2
5,2012,11,51938,6881607,3191290,530,69,27,8,0,3928,Increase,1
5,2013,11,52026,6841746,-39861,535,77,26,3,1,4204,Decrease,2
5,2014,11,51708,6867945,26199,561,104,38,4,1,5900,Increase,1
5,2015,11,54548,7609512,741567,508,77,26,4,1,5578,Increase,1
5,2016,11,57588,8133856,524344,524,71,22,1,1,4426,Increase,1
5,2017,11,60870,8730847,596991,537,61,15,0,0,3906,Increase,1
5,2018,11,63791,9250694,519847,513,107,24,6,1,7249,Increase,1
5,2010,12,31769,4126611,-105111,373,54,13,8,1,3075,Decrease,2
5,2011,12,28583,3874099,-252512,338,51,16,2,0,2683,Decrease,2
5,2012,12,54294,7148871,3274772,506,104,37,4,1,5859,Increase,1
5,2013,12,53622,7476936,328065,499,125,48,7,1,6734,Increase,1
5,2014,12,53537,7396342,-80594,539,144,53,4,1,8103,Decrease,2
5,2015,12,56741,7967691,571349,505,101,36,9,1,8024,Increase,1
5,2016,12,59419,8444199,476508,497,112,36,6,1,7718,Increase,1
5,2017,12,63088,8944737,500538,491,74,19,1,1,4599,Increase,1
5,2018,12,65865,9391589,446852,500,95,23,1,1,5927,Increase,1
4,2010,1,88406,7576013,582447,1325,235,70,26,3,10836,Increase,1
4,2011,1,92018,8307319,731306,1353,323,103,21,3,13825,Increase,1
4,2012,1,90085,8169963,-137356,1264,140,40,14,2,7039,Decrease,2
4,2013,1,88715,8047475,-122488,1143,164,52,7,1,6684,Decrease,2
4,2014,1,87334,8569049,521574,1029,326,105,50,5,19604,Increase,1
4,2015,1,99771,10036388,1467339,1163,220,69,21,3,10574,Increase,1
4,2016,1,103660,10924106,887718,1211,164,52,31,2,7626,Increase,1
4,2017,1,108437,11324383,400277,1239,285,68,27,3,14057,Increase,1
4,2018,1,110509,11998430,674047,1275,201,60,29,2,9124,Increase,1
4,2010,2,78718,6963295,-104743,1213,184,55,57,3,8693,Decrease,2
4,2011,2,82477,7602255,638960,1236,272,75,42,3,12975,Increase,1
4,2012,2,86419,8050366,448111,1195,118,37,12,1,5191,Increase,1
4,2013,2,81589,7891987,-158379,1066,143,43,20,2,5733,Decrease,2
4,2014,2,82012,8382418,490431,950,249,73,30,2,11879,Increase,1
4,2015,2,88038,9535453,1153035,1049,193,60,40,2,9344,Increase,1
4,2016,2,97824,10590896,1055443,1131,119,37,16,2,5917,Increase,1
4,2017,2,97156,10662845,71949,1100,177,41,15,2,7790,Increase,1
4,2018,2,97959,11227460,564615,1128,232,70,24,3,10517,Increase,1
4,2010,3,94768,9155156,166770,1403,262,85,12,3,12071,Increase,1
4,2011,3,99328,9689544,534388,1387,268,76,9,2,13493,Increase,1
4,2012,3,98151,9745795,56251,1350,192,56,7,2,8935,Increase,1
4,2013,3,98145,10248051,502256,1255,232,63,14,2,10706,Increase,1
4,2014,3,100338,10944064,696013,1139,302,92,13,1,13795,Increase,1
4,2015,3,108763,12526974,1582910,1270,226,74,25,3,11465,Increase,1
4,2016,3,113051,13113439,586465,1302,228,61,15,3,10796,Increase,1
4,2017,3,116195,13591122,477683,1323,244,59,24,2,10787,Increase,1
4,2018,3,117747,14317210,726088,1354,259,84,26,1,12279,Increase,1
4,2010,4,93719,8911492,96988,1384,205,69,8,2,8704,Increase,1
4,2011,4,96683,9223678,312186,1364,305,86,24,3,16456,Increase,1
4,2012,4,96061,9371046,147368,1324,161,54,9,1,7705,Increase,1
4,2013,4,96712,9643071,272025,1157,240,61,7,2,11208,Increase,1
4,2014,4,98716,10564429,921358,1114,279,83,6,2,12728,Increase,1
4,2015,4,107578,12195952,1631523,1237,215,64,7,3,10551,Increase,1
4,2016,4,109219,12606212,410260,1254,222,60,11,2,10664,Increase,1
4,2017,4,114522,13460665,854453,1290,252,62,10,2,12684,Increase,1
4,2018,4,116362,13781436,320771,1327,280,89,14,2,14312,Increase,1
4,2010,5,96750,9080567,394742,1409,265,76,9,3,12806,Increase,1
4,2011,5,99288,9706504,625937,1388,309,89,12,3,16940,Increase,1
4,2012,5,98499,9750586,44082,1356,203,67,8,2,9733,Increase,1
4,2013,5,98584,10354673,604087,1176,239,67,5,3,11607,Increase,1
4,2014,5,100197,11027354,672681,1131,306,94,9,4,16110,Increase,1
4,2015,5,108693,12565830,1538476,1252,252,77,11,5,13774,Increase,1
4,2016,5,111801,13248940,683110,1277,228,61,7,5,11051,Increase,1
4,2017,5,115702,13705990,457050,1302,287,75,6,2,14257,Increase,1
4,2018,5,119024,14432274,726284,1359,301,93,17,3,16169,Increase,1
4,2010,6,96753,9562142,557033,1405,294,88,6,3,15375,Increase,1
4,2011,6,100180,9924612,362470,1397,261,74,8,3,13470,Increase,1
4,2012,6,98232,10097756,173144,1353,261,84,9,2,12883,Increase,1
4,2013,6,96921,10501237,403481,1146,302,85,9,4,16392,Increase,1
4,2014,6,101531,11506171,1004934,1147,367,108,10,4,20594,Increase,1
4,2015,6,110038,12908502,1402331,1276,323,102,22,6,18300,Increase,1
4,2016,6,113429,13624009,715507,1291,308,89,17,5,17003,Increase,1
4,2017,6,117597,14270278,646269,1309,333,90,13,3,17771,Increase,1
4,2018,6,118538,14717024,446746,1348,283,90,15,4,15301,Increase,1
4,2010,7,98665,10001004,446005,1433,300,95,6,4,14913,Increase,1
4,2011,7,102030,10118492,117488,1422,219,61,8,4,12010,Increase,1
4,2012,7,101860,10440046,321554,1382,301,90,9,3,15633,Increase,1
4,2013,7,99794,10516679,76633,1180,271,78,9,3,13158,Increase,1
4,2014,7,105097,11965281,1448602,1226,361,112,12,3,20178,Increase,1
4,2015,7,115016,13628493,1663212,1322,335,102,10,5,18943,Increase,1
4,2016,7,114617,13630005,1512,1324,342,104,39,6,21420,Increase,1
4,2017,7,120868,14650890,1020885,1372,331,91,10,4,16932,Increase,1
4,2018,7,122030,14961408,310518,1413,331,105,25,4,18581,Increase,1
4,2010,8,97392,9504071,613147,1415,243,77,5,2,10848,Increase,1
4,2011,8,99228,9607433,103362,1394,210,58,18,3,11306,Increase,1
4,2012,8,97814,10108416,500983,1295,250,75,10,3,12935,Increase,1
4,2013,8,96283,9928806,-179610,1123,286,86,5,2,13090,Decrease,2
4,2014,8,99736,11192625,1263819,1156,278,85,5,3,14331,Increase,1
4,2015,8,108817,12600993,1408368,1258,241,75,12,5,13740,Increase,1
4,2016,8,112265,12919768,318775,1273,244,66,8,4,11965,Increase,1
4,2017,8,115837,13656895,737127,1351,361,99,39,3,18175,Increase,1
4,2018,8,116872,13966584,309689,1359,274,85,23,4,15148,Increase,1
4,2010,9,91143,8309821,359384,1326,182,52,7,1,7428,Increase,1
4,2011,9,92514,8751116,441295,1292,190,51,9,3,9567,Increase,1
4,2012,9,89679,8706901,-44215,1168,151,41,4,1,7210,Decrease,2
4,2013,9,89563,8894868,187967,1046,240,70,7,2,10774,Increase,1
4,2014,9,94275,10068928,1174060,1101,203,60,13,3,10237,Increase,1
4,2015,9,101466,11536284,1467356,1170,137,43,4,2,6699,Increase,1
4,2016,9,105535,12302964,766680,1196,167,46,4,2,7583,Increase,1
4,2017,9,104379,11925104,-377860,1228,174,52,40,2,8408,Decrease,2
4,2018,9,108652,12496426,571322,1258,174,53,12,2,8926,Increase,1
4,2010,10,94483,9358790,582711,1373,302,94,5,2,13261,Increase,1
4,2011,10,96618,9522266,163476,1350,168,49,9,2,7816,Increase,1
4,2012,10,94449,9590443,68177,1247,195,59,22,2,8856,Increase,1
4,2013,10,94220,9764881,174438,1099,228,68,4,1,8994,Increase,1
4,2014,10,99236,11012555,1247674,1154,218,64,8,1,9954,Increase,1
4,2015,10,105689,12527345,1514790,1215,145,48,4,2,7178,Increase,1
4,2016,10,109115,13014167,486822,1245,177,45,11,1,7486,Increase,1
4,2017,10,112047,13501450,487283,1282,188,59,8,1,8286,Increase,1
4,2018,10,116816,14074599,573149,1349,213,66,8,2,9959,Increase,1
4,2010,11,91159,8858830,603416,1324,268,89,4,2,10872,Increase,1
4,2011,11,90947,9070943,212113,1269,137,40,7,2,6137,Increase,1
4,2012,11,89816,9163136,92193,1157,154,52,6,1,7641,Increase,1
4,2013,11,89241,9282585,119449,1007,199,65,5,2,8695,Increase,1
4,2014,11,96489,10551430,1268845,1112,203,61,7,1,9717,Increase,1
4,2015,11,105279,12141358,1589928,1210,188,59,11,2,8838,Increase,1
4,2016,11,108858,12920523,779165,1229,167,45,3,2,7067,Increase,1
4,2017,11,111690,13583142,662619,1268,150,53,6,1,7181,Increase,1
4,2018,11,114725,14013219,430077,1320,228,75,11,2,11087,Increase,1
4,2010,12,92495,8946340,591393,1364,420,135,25,4,20129,Increase,1
4,2011,12,93852,9062653,116313,1308,160,48,5,1,7151,Increase,1
4,2012,12,91382,9039620,-23033,1185,291,91,16,3,14068,Decrease,2
4,2013,12,94221,10248472,1208852,1066,441,137,9,2,20341,Increase,1
4,2014,12,101621,11410246,1161774,1173,323,101,10,2,16204,Increase,1
4,2015,12,108207,12371034,960788,1250,276,87,19,3,14448,Increase,1
4,2016,12,111765,12845248,474214,1274,296,85,22,2,14826,Increase,1
4,2017,12,113451,13344173,498925,1291,256,83,12,2,12079,Increase,1
4,2018,12,115788,13619529,275356,1330,269,93,11,2,12871,Increase,1
