ID,NCode,Year,Month,DOM_Flights,INT_Flights,TOT_Flights,DOM_Passengers,INT_Passengers,TOT_Passengers,Arr_flights,Arr_del15,Carrier_ct,Weather_ct,NAS_ct,Security_ct,Late_aircraft_ct,Arr_cancelled,Arr_diverted,Arr_delay,Carrier_delay,Weather_delay,NAS_delay,Security_delay,Late_aircraft_delay,inc_dec,inc_dec_label
13,1,2010,1,45545,11842,57387,5071320,1623904,6695224,590,103,36,5,35,0,27,15,2,5341,2074,314,1354,30,1569,1632,1
25,1,2011,1,44782,12562,57344,4984095,1721945,6706040,592,99,35,6,31,0,27,19,1,5213,1982,375,1269,1,1587,10816,1
37,1,2012,1,43139,12567,55706,4997279,1772562,6769841,533,77,28,4,28,0,18,9,1,3886,1663,205,1023,5,991,63801,1
49,1,2013,1,44107,12785,56892,5195596,1781780,6977376,547,101,32,4,31,0,34,11,1,5202,1792,281,1153,14,1963,207535,1
61,1,2014,1,43978,13427,57405,5222881,1881402,7104283,540,112,35,9,28,0,39,19,1,6329,2138,608,1098,1,2485,126907,1
73,1,2015,1,43287,12960,56247,5140185,1807013,6947198,544,118,38,4,34,0,41,11,1,6858,2515,306,1240,8,2788,-157085,2
85,1,2016,1,73096,16163,89259,9044128,2237425,11281553,796,131,46,4,45,0,36,29,1,7321,3076,382,1551,15,2296,4334355,1
97,1,2017,1,72378,15749,88127,8850729,2200571,11051300,786,151,44,3,61,1,42,11,2,8336,2820,354,2314,27,2821,-230253,2
109,1,2018,1,72293,15612,87905,9031178,2233160,11264338,767,118,40,5,40,0,33,15,1,7041,2656,388,1576,12,2409,213038,1
14,1,2010,2,40142,10529,50671,4587189,1368464,5955653,535,112,37,7,39,0,29,29,1,6388,2256,496,1784,3,1849,-256271,2
26,1,2011,2,39189,11181,50370,4528400,1450789,5979189,536,119,35,10,40,0,33,35,1,6422,2048,666,1671,7,2031,23536,1
38,1,2012,2,41446,11652,53098,4867812,1547404,6415216,510,65,24,1,23,0,16,6,1,3285,1460,88,778,2,957,436027,1
50,1,2013,2,40076,11567,51643,4822406,1537307,6359713,497,94,28,5,28,0,33,10,1,4972,1628,274,1105,1,1963,-55503,2
62,1,2014,2,39248,11914,51162,4816811,1558364,6375175,489,102,29,5,33,0,35,23,1,6086,1870,400,1508,1,2308,15462,1
74,1,2015,2,37396,11417,48813,4684026,1532258,6216284,498,99,30,7,36,0,27,32,1,6271,2080,641,1551,6,1993,-158891,2
86,1,2016,2,70596,14975,85571,8630105,1931654,10561759,752,116,36,3,44,0,31,11,1,6878,2317,343,1972,11,2236,4345475,1
98,1,2017,2,66463,14055,80518,8313772,1853828,10167600,714,96,30,1,40,0,25,8,1,5383,2014,165,1484,5,1714,-394159,2
110,1,2018,2,67711,14307,82018,8753570,1957329,10710899,712,126,35,5,49,0,37,9,2,7341,2319,379,2051,8,2583,543299,1
15,1,2010,3,46963,12095,59058,5826764,1676622,7503386,599,134,41,9,47,0,36,7,2,7783,2587,592,2177,3,2423,80947,1
27,1,2011,3,46034,12423,58457,5672521,1749361,7421882,599,102,37,2,35,0,28,11,2,5697,2284,181,1503,2,1727,-81504,2
39,1,2012,3,45567,12451,58018,5799813,1805382,7605195,569,104,29,5,36,0,33,9,2,5951,1782,342,1428,3,2396,183313,1
51,1,2013,3,45332,13100,58432,5673163,1872393,7545556,556,95,28,4,29,0,34,5,1,5367,1631,278,1228,3,2227,-59639,2
63,1,2014,3,45537,13526,59063,5741624,1807255,7548879,551,100,30,3,33,0,33,10,1,5640,1844,254,1310,4,2227,3323,1
75,1,2015,3,44655,12867,57522,5730340,1776793,7507133,561,119,42,2,35,0,39,17,1,6951,2706,225,1327,5,2688,-41746,2
87,1,2016,3,78887,17062,95949,10231931,2403928,12635859,860,160,47,4,58,1,50,5,2,9155,3070,362,2286,33,3404,5128726,1
99,1,2017,3,77089,16526,93615,10234502,2298450,12532952,868,157,46,3,59,0,48,14,1,8943,3116,198,2303,17,3309,-102907,2
111,1,2018,3,75893,16863,92756,10422226,2442033,12864259,823,118,42,2,37,0,37,26,1,6430,2564,185,1290,15,2376,331307,1
16,1,2010,4,44521,11532,56053,5556542,1589256,7145798,566,89,33,4,28,0,24,4,2,4945,2010,254,1181,3,1497,-91712,2
28,1,2011,4,44236,11758,55994,5443337,1677494,7120831,557,141,37,8,55,0,41,15,3,8600,2280,664,2689,1,2965,-24967,2
40,1,2012,4,42425,11566,53991,5407854,1720613,7128467,534,78,23,6,24,0,25,20,2,4842,1361,569,904,2,2007,7636,1
52,1,2013,4,43469,12082,55551,5349248,1686536,7035784,553,140,37,4,45,0,54,12,2,9359,2714,351,2318,1,3974,-92683,2
64,1,2014,4,43630,12877,56507,5501405,1767296,7268701,552,94,27,3,34,0,30,2,2,5415,1791,211,1350,2,2061,232917,1
76,1,2015,4,44663,12144,56807,5688230,1671021,7359251,560,109,33,7,36,0,33,4,3,7021,2129,584,1591,5,2712,90550,1
88,1,2016,4,74412,16328,90740,9612141,2218028,11830169,814,125,39,3,48,0,35,7,2,7364,2517,385,1956,12,2494,4470918,1
100,1,2017,4,73099,16651,89750,9606283,2453381,12059664,767,154,41,4,60,0,49,8,1,9905,2919,302,2840,11,3832,229495,1
112,1,2018,4,74118,16567,90685,9879265,2362254,12241519,759,116,37,3,39,0,35,5,2,6867,2471,296,1620,8,2472,181855,1
17,1,2010,5,44949,12299,57248,5668495,1706781,7375276,607,128,37,7,47,0,37,11,3,7704,2255,548,2365,3,2533,153923,1
29,1,2011,5,43937,12071,56008,5620742,1738519,7359261,591,138,41,10,46,0,40,33,5,9459,2675,1025,2499,2,3259,-16015,2
41,1,2012,5,45084,12039,57123,5810112,1752991,7563103,579,107,28,8,36,0,34,4,3,6925,1816,702,1651,3,2753,203842,1
53,1,2013,5,45433,12601,58034,5661503,1796344,7457847,586,128,34,6,42,0,47,8,4,8319,2133,538,2137,3,3508,-105256,2
65,1,2014,5,44916,13085,58001,5767256,1820960,7588216,557,113,34,6,35,0,38,13,3,7146,2047,697,1741,3,2659,130369,1
77,1,2015,5,44065,12673,56738,5704600,1777277,7481877,588,113,33,8,36,0,36,12,3,7553,2371,814,1594,6,2768,-106339,2
89,1,2016,5,78480,16373,94853,10283822,2330575,12614397,894,164,48,8,60,1,47,6,3,10275,3406,782,2532,18,3537,5132520,1
101,1,2017,5,77011,17295,94306,10136949,2545846,12682795,831,158,43,3,64,0,49,5,2,9327,2906,192,2845,15,3369,68398,1
113,1,2018,5,77253,17133,94386,10356532,2549757,12906289,829,165,49,7,53,0,56,10,3,11053,3437,615,2628,8,4364,223494,1
18,1,2010,6,44173,12307,56480,5826063,1819741,7645804,583,136,41,7,48,0,40,13,4,8119,2557,569,2248,2,2742,20831,1
30,1,2011,6,44959,12285,57244,5859655,1855489,7715144,572,116,43,5,36,0,32,13,3,6817,2599,442,1589,6,2180,69340,1
42,1,2012,6,43178,12085,55263,5763314,1877300,7640614,544,99,32,7,31,0,30,8,3,6219,2034,619,1437,8,2121,-74530,2
54,1,2013,6,44895,12973,57868,5766511,1953480,7719991,552,156,39,9,42,0,66,8,3,10533,2682,696,2160,4,4991,79377,1
66,1,2014,6,45663,13436,59099,5935921,1918545,7854466,546,168,41,10,52,0,66,6,3,11031,2802,814,2454,3,4958,134475,1
78,1,2015,6,44042,13401,57443,5938232,1950817,7889049,569,126,39,6,37,0,44,7,3,8539,2854,466,1750,8,3460,34583,1
90,1,2016,6,79164,17298,96462,10576237,2570740,13146977,895,234,71,9,73,0,82,9,3,15658,5111,920,3365,21,6242,5257928,1
102,1,2017,6,76142,17932,94074,10253686,2754153,13007839,787,195,51,9,67,0,68,13,2,13113,3688,766,3444,19,5197,-139138,2
114,1,2018,6,77266,17672,94938,10635376,2775993,13411369,784,189,57,10,54,0,68,14,3,12167,3812,855,2496,11,4993,403530,1
19,1,2010,7,46117,13282,59399,6019072,2044146,8063218,603,130,42,7,43,0,37,7,3,7265,2714,421,1779,2,2348,-95292,2
31,1,2011,7,46435,13139,59574,6076925,2108152,8185077,591,118,45,6,31,0,36,12,2,6888,2718,415,1418,1,2336,121859,1
43,1,2012,7,44515,13115,57630,5862790,2118354,7981144,559,122,36,8,41,0,37,7,3,7529,2221,596,2071,2,2639,-203933,2
55,1,2013,7,46654,13895,60549,5904915,2168377,8073292,576,138,38,6,40,0,54,11,3,8045,2333,398,1810,1,3504,92148,1
67,1,2014,7,47130,14057,61187,6137012,2106182,8243194,565,147,40,6,45,0,55,7,3,8772,2552,542,1970,4,3704,169902,1
79,1,2015,7,81130,19027,100157,11012728,2955422,13968150,947,180,57,6,56,0,60,7,3,10499,3493,433,2389,19,4166,5724956,1
91,1,2016,7,80654,18349,99003,10707983,2855898,13563881,928,252,75,11,78,1,88,16,4,17371,5382,1033,4060,26,6870,-404269,2
103,1,2017,7,78311,18891,97202,10476594,2971718,13448312,863,212,60,11,67,1,74,16,4,14557,4392,989,3410,36,5730,-115569,2
115,1,2018,7,79177,18423,97600,10882459,2938321,13820780,807,220,65,11,66,0,78,19,3,14826,4460,1041,3322,23,5979,372468,1
20,1,2010,8,46122,12799,58921,5756912,1954418,7711330,602,109,40,5,33,0,31,5,2,6347,2696,326,1347,6,1972,-7686,2
32,1,2011,8,45552,12327,57879,5717545,1928311,7645856,586,119,43,7,33,0,35,20,2,7105,2660,500,1576,6,2363,-65474,2
44,1,2012,8,44018,12313,56331,5670333,1962848,7633181,558,128,40,6,42,0,41,11,2,7488,2423,422,1743,13,2887,-12675,2
56,1,2013,8,46595,13539,60134,5717993,2068984,7786977,572,98,31,3,29,0,36,6,2,5516,1782,293,1193,4,2245,153796,1
68,1,2014,8,45957,13098,59055,5846685,1969771,7816456,550,139,40,7,42,0,50,6,3,8544,2544,654,1818,2,3525,29479,1
80,1,2015,8,79263,17877,97140,10562351,2778911,13341262,938,170,57,7,52,1,53,9,3,10151,3761,506,2341,30,3513,5524806,1
92,1,2016,8,79138,16910,96048,10094479,2610334,12704813,863,223,66,9,73,1,75,16,3,15074,4898,912,3656,44,5565,-636449,2
104,1,2017,8,78553,17568,96121,10366917,2746344,13113261,809,168,48,6,61,1,53,10,2,10033,3140,460,2723,25,3685,408448,1
116,1,2018,8,79351,17185,96536,10584430,2719275,13303705,804,204,60,10,67,0,66,14,3,13634,4167,874,3467,14,5112,190444,1
21,1,2010,9,43268,10957,54225,5120391,1570938,6691329,564,87,27,6,30,0,23,4,2,4696,1706,321,1329,5,1335,181430,1
33,1,2011,9,43411,10737,54148,5277512,1573058,6850570,545,90,33,4,30,0,23,4,2,5075,2030,323,1238,2,1482,159241,1
45,1,2012,9,40677,10998,51675,4927838,1632458,6560296,523,202,71,4,60,0,67,16,1,11697,4624,206,2225,8,4634,-290274,2
57,1,2013,9,42986,11159,54145,5004226,1634307,6638533,526,81,27,3,23,0,28,3,2,4830,1620,247,1011,1,1952,78237,1
69,1,2014,9,43110,10995,54105,5163078,1549901,6712979,515,93,29,1,34,0,28,3,1,5020,1791,72,1371,7,1779,74446,1
81,1,2015,9,73187,14636,87823,9394625,2153178,11547803,834,114,40,4,40,0,31,4,2,6310,2490,298,1505,14,2003,4834824,1
93,1,2016,9,72358,13707,86065,9213005,2007737,11220742,763,127,38,5,49,0,34,3,1,7107,2455,342,1999,10,2301,-327061,2
105,1,2017,9,68928,12778,81706,8844642,1941685,10786327,735,91,31,2,34,0,23,34,1,5139,1951,228,1313,15,1633,-434415,2
117,1,2018,9,73948,14136,88084,9004336,2088901,11093237,775,151,45,7,54,1,44,15,2,9938,3188,654,2615,91,3390,306910,1
22,1,2010,10,44396,11478,55874,5621810,1671953,7293763,604,75,27,2,27,0,19,6,2,4081,1503,257,1172,3,1146,173457,1
34,1,2011,10,44337,11147,55484,5597937,1636251,7234188,577,92,34,3,33,0,24,3,2,4645,1954,191,1167,3,1330,-59575,2
46,1,2012,10,42071,11399,53470,5307352,1638952,6946304,560,164,54,2,60,0,48,16,1,7902,2973,118,1996,2,2813,-287884,2
58,1,2013,10,45244,11557,56801,5537823,1687648,7225471,572,97,30,2,30,0,35,1,1,4724,1700,106,973,0,1945,279167,1
70,1,2014,10,44856,11253,56109,5586600,1599344,7185944,544,124,33,4,46,0,41,5,1,7517,2071,318,2256,13,2859,-39527,2
82,1,2015,10,76790,14893,91683,10202478,2217380,12419858,868,114,40,4,40,0,30,8,2,6615,2481,387,1573,12,2162,5233914,1
94,1,2016,10,74458,14167,88625,9669243,2094834,11764077,808,114,37,1,45,0,31,9,1,5854,2236,74,1635,11,1898,-655781,2
106,1,2017,10,75559,15007,90566,10184330,2201837,12386167,765,109,36,2,42,0,29,4,1,6010,2217,121,1624,15,2032,622090,1
118,1,2018,10,78497,14896,93393,10268808,2219703,12488511,798,160,47,5,56,0,52,7,2,10044,3266,533,2273,8,3963,102344,1
23,1,2010,11,43094,11233,54327,5271371,1597873,6869244,576,82,27,3,31,0,21,2,1,4021,1553,185,1124,1,1158,185965,1
35,1,2011,11,41353,10891,52244,5237700,1571807,6809507,532,93,30,2,38,0,21,2,1,4559,1774,119,1450,0,1215,-59737,2
47,1,2012,11,41689,11659,53348,5217765,1663385,6881150,538,104,40,1,31,0,32,4,1,5044,2104,65,1040,2,1833,71643,1
59,1,2013,11,42619,11679,54298,5039567,1630630,6670197,540,88,28,2,26,0,32,9,1,4566,1631,111,886,46,1891,-210953,2
71,1,2014,11,42397,11996,54393,5099070,1591197,6690267,532,111,33,4,32,0,42,3,1,6405,2141,252,1213,5,2794,20070,1
83,1,2015,11,73572,14795,88367,9500290,2020508,11520798,830,127,42,5,45,1,35,6,2,7264,2548,445,1792,49,2430,4830531,1
95,1,2016,11,71727,13751,85478,9228542,1941246,11169788,789,112,33,1,47,0,30,2,1,5695,1961,87,1701,16,1929,-351010,2
107,1,2017,11,69689,14062,83751,9486559,2018610,11505169,718,79,29,1,27,0,21,1,1,4091,1725,58,864,45,1399,335381,1
119,1,2018,11,74178,13765,87943,9888304,2042505,11930809,769,140,45,3,51,0,41,5,1,8470,3070,374,2064,13,2950,425640,1
24,1,2010,12,44697,12230,56927,5385462,1750643,7136105,585,98,32,6,34,0,25,14,2,5356,1875,355,1599,14,1512,65059,1
36,1,2011,12,42745,12449,55194,5217199,1791107,7008306,529,88,33,4,29,0,22,3,1,4324,1957,179,993,0,1195,-127799,2
48,1,2012,12,44037,12988,57025,5377297,1828984,7206281,546,123,40,4,35,0,43,11,1,6830,2312,355,1470,3,2690,197975,1
60,1,2013,12,42876,13414,56290,5379304,1950554,7329858,544,124,35,9,35,0,45,36,1,6827,2082,621,1360,3,2762,123577,1
72,1,2014,12,45150,13324,58474,5566235,1873600,7439835,534,137,42,1,42,0,52,4,1,7787,2804,83,1529,6,3365,109977,1
84,1,2015,12,75602,17065,92667,9721932,2370064,12091996,832,157,52,5,55,1,44,14,2,9200,3283,516,2238,26,3137,4652161,1
96,1,2016,12,73393,16764,90157,9334761,2360973,11695734,794,159,49,4,56,0,49,6,1,9405,3232,425,2201,21,3526,-396262,2
108,1,2017,12,73581,16631,90212,9716423,2403612,12120035,737,128,40,4,46,0,38,3,1,7616,2653,439,1806,13,2705,424301,1
120,1,2018,12,74942,16032,90974,9764388,2378953,12143341,746,137,42,4,50,0,39,14,2,7749,2694,407,1859,18,2771,23306,1
253,3,2010,1,16027,2183,18210,1536621,212671,1749292,361,86,24,1,30,0,31,5,1,5712,1614,73,1590,8,2427,89313,1
265,3,2011,1,16244,2260,18504,1666910,246521,1913431,364,107,36,1,33,0,36,20,1,6285,2214,82,1578,13,2399,164139,1
277,3,2012,1,17842,2842,20684,1863646,299674,2163320,364,67,22,0,22,0,21,1,1,3564,1320,21,880,3,1341,249889,1
289,3,2013,1,19292,3287,22579,2041023,342195,2383218,378,80,27,1,27,0,25,1,1,4347,1655,56,1066,7,1563,219898,1
301,3,2014,1,18190,3870,22060,1924406,415806,2340212,368,117,39,6,32,0,39,39,2,9711,3184,985,1565,16,3960,-43006,2
313,3,2015,1,20572,4572,25144,2154498,501790,2656288,379,87,25,2,32,0,28,19,1,4846,1341,165,1417,20,1902,316076,1
325,3,2016,1,22175,4900,27075,2361374,582384,2943758,371,98,36,2,26,0,35,14,1,5712,1956,193,1088,18,2456,287470,1
337,3,2017,1,24189,5239,29428,2648950,637665,3286615,391,96,31,1,28,1,35,8,2,6403,1953,138,1465,30,2817,342857,1
349,3,2018,1,23518,5129,28647,2542390,619909,3162299,389,109,39,2,26,0,41,23,1,8298,3030,227,1387,19,3636,-124316,2
254,3,2010,2,14484,2052,16536,1436320,205392,1641712,340,90,27,3,30,1,30,19,1,5533,1518,347,1508,17,2144,5607,1
266,3,2011,2,15259,2106,17365,1596782,220204,1816986,340,98,29,1,36,0,32,17,2,5703,1839,54,1648,7,2156,175274,1
278,3,2012,2,17349,2720,20069,1830931,289752,2120683,354,54,19,0,19,0,16,0,0,2636,1066,5,696,3,866,303697,1
290,3,2013,2,17126,2993,20119,1851783,310614,2162397,342,92,30,1,31,0,31,13,1,5164,1758,50,1291,5,2061,41714,1
302,3,2014,2,17576,3600,21176,1856355,373545,2229900,330,97,29,2,32,0,33,18,2,5746,1773,220,1529,17,2208,67503,1
314,3,2015,2,18539,3839,22378,2014931,419677,2434608,347,115,34,3,37,0,41,23,1,7430,2208,364,1799,19,3040,204708,1
326,3,2016,2,21301,4441,25742,2344496,514768,2859264,351,99,32,3,28,0,35,9,1,7778,2205,435,1632,13,3493,424656,1
338,3,2017,2,21632,4631,26263,2383341,547698,2931039,357,82,25,1,26,0,29,16,1,4827,1496,119,1192,12,2009,71775,1
350,3,2018,2,22569,4764,27333,2512048,566352,3078400,357,84,31,1,24,0,28,6,1,4932,1915,62,1067,7,1882,147361,1
255,3,2010,3,17268,2353,19621,1857652,256107,2113759,394,98,32,0,34,0,32,11,1,6150,2088,29,1640,16,2376,142753,1
267,3,2011,3,18466,2522,20988,2025200,279672,2304872,393,110,35,1,40,0,34,2,1,6871,2273,108,2029,5,2456,191113,1
279,3,2012,3,19707,3151,22858,2219395,344264,2563659,403,78,27,0,25,0,25,1,0,4097,1647,25,897,3,1525,258787,1
291,3,2013,3,20748,3429,24177,2348755,393028,2741783,401,108,33,1,35,0,38,3,1,6845,2044,151,1686,18,2947,178124,1
303,3,2014,3,21092,4020,25112,2309097,443279,2752376,377,78,24,1,27,0,26,7,1,4017,1327,74,1106,6,1505,10593,1
315,3,2015,3,22253,4247,26500,2497416,499085,2996501,396,103,32,1,34,0,35,8,2,6855,1918,178,2001,8,2751,244125,1
327,3,2016,3,23775,4809,28584,2716571,589916,3306487,384,89,30,1,27,0,31,2,1,5412,1737,97,1283,24,2272,309986,1
339,3,2017,3,25012,5226,30238,2846297,632929,3479226,406,102,31,1,34,0,36,16,0,6917,2004,84,2021,8,2800,172739,1
351,3,2018,3,24941,5337,30278,2972928,682404,3655332,414,121,43,1,31,0,45,27,1,7322,2773,158,1282,18,3092,176106,1
256,3,2010,4,16786,2299,19085,1782058,251517,2033575,374,52,17,1,17,0,17,2,1,2888,1046,100,725,5,1012,86866,1
268,3,2011,4,18106,2589,20695,1901180,283316,2184496,387,117,34,1,47,0,35,4,2,7725,2313,177,2657,10,2569,150921,1
280,3,2012,4,19135,3148,22283,2121516,352723,2474239,390,51,20,0,14,0,16,0,0,2666,1209,28,518,4,907,289743,1
292,3,2013,4,19937,3417,23354,2163142,385299,2548441,378,103,29,1,38,0,35,3,1,6197,1766,88,1982,16,2346,74202,1
304,3,2014,4,20713,4016,24729,2244592,442573,2687165,368,77,20,1,31,0,24,5,1,4337,1165,74,1538,9,1552,138724,1
316,3,2015,4,21954,4296,26250,2425597,495760,2921357,380,71,21,1,25,0,23,2,1,4244,1238,93,1298,6,1609,234192,1
328,3,2016,4,23066,4730,27796,2562863,564168,3127031,374,75,26,1,22,0,26,3,1,5074,1605,58,1187,10,2213,205674,1
340,3,2017,4,24874,5173,30047,2808967,643831,3452798,394,102,30,1,33,0,38,6,1,7867,2048,87,2306,10,3416,325767,1
352,3,2018,4,25603,5368,30971,2951238,662202,3613440,404,124,40,2,35,0,47,5,1,8708,2700,199,1845,9,3955,160642,1
257,3,2010,5,16002,2409,18411,1729301,251827,1981128,350,56,17,1,23,0,14,4,1,3288,1095,78,1216,5,894,156824,1
269,3,2011,5,17901,2390,20291,1923880,270895,2194775,359,83,22,1,36,0,24,2,1,4952,1348,69,1976,4,1555,213647,1
281,3,2012,5,18713,2941,21654,2061439,311021,2372460,353,59,18,1,22,0,17,0,1,3308,1079,96,1006,7,1120,177685,1
293,3,2013,5,20232,3219,23451,2204878,355089,2559967,355,68,19,1,27,0,20,1,1,4156,1130,109,1464,10,1443,187507,1
305,3,2014,5,20791,4218,25009,2273622,461956,2735578,353,70,21,1,25,0,23,9,2,4174,1223,111,1281,12,1547,175611,1
317,3,2015,5,22434,4200,26634,2473838,483312,2957150,364,54,17,1,19,0,16,3,1,3397,1028,126,1122,9,1113,221572,1
329,3,2016,5,24186,4698,28884,2700059,542469,3242528,362,68,24,1,21,0,21,1,1,3686,1273,142,895,10,1366,285378,1
341,3,2017,5,24944,5103,30047,2800053,600563,3400616,381,114,34,1,37,0,43,10,1,9236,2415,91,2850,13,3866,158088,1
353,3,2018,5,26279,5254,31533,2995190,652821,3648011,384,105,36,1,30,0,38,5,1,6818,2169,151,1637,12,2848,247395,1
258,3,2010,6,16320,2506,18826,1808994,280265,2089259,356,63,20,1,22,0,19,3,1,3917,1371,94,1129,1,1322,187683,1
270,3,2011,6,18205,2601,20806,1951745,286895,2238640,366,93,29,2,32,0,30,3,1,6453,2157,204,1798,4,2289,149381,1
282,3,2012,6,19079,3147,22226,2138056,348751,2486807,363,77,26,3,20,0,29,4,1,5668,1752,324,1190,17,2385,248167,1
294,3,2013,6,20587,3502,24089,2247822,386659,2634481,362,106,27,2,37,0,39,3,1,7768,1871,193,2443,14,3247,147674,1
306,3,2014,6,20877,4437,25314,2265374,486289,2751663,348,71,21,2,26,0,22,7,1,4061,1173,175,1281,7,1426,117182,1
318,3,2015,6,22418,4466,26884,2452560,527709,2980269,358,73,20,2,27,0,24,4,1,4831,1200,169,1636,6,1820,228606,1
330,3,2016,6,23703,5035,28738,2685827,597715,3283542,361,89,28,2,28,0,31,3,1,5593,1577,169,1555,16,2275,303273,1
342,3,2017,6,24809,5468,30277,2790054,662442,3452496,378,139,38,3,41,0,57,9,1,11516,2900,367,2884,14,5352,168954,1
354,3,2018,6,25686,5723,31409,2964246,720026,3684272,380,95,31,3,27,0,35,4,1,5953,1803,214,1415,9,2511,231776,1
259,3,2010,7,17740,2942,20682,2002980,347006,2349986,387,93,33,1,28,0,30,2,1,5813,2102,133,1487,3,2090,168810,1
271,3,2011,7,19501,3180,22681,2195724,379032,2574756,391,98,32,2,32,0,32,2,1,6180,2202,172,1613,7,2186,224770,1
283,3,2012,7,20719,3787,24506,2348297,440570,2788867,393,93,27,3,29,0,33,3,1,6850,1905,400,1769,10,2765,214111,1
295,3,2013,7,22027,4312,26339,2442024,504325,2946349,389,135,37,3,40,1,55,4,1,9332,2436,252,2320,33,4291,157482,1
307,3,2014,7,21992,5162,27154,2462573,625078,3087651,370,114,31,4,38,0,42,11,1,7893,1929,456,2357,16,3136,141302,1
319,3,2015,7,23870,5311,29181,2645339,672464,3317803,381,85,25,2,27,0,31,4,1,5007,1420,147,1382,8,2050,230152,1
331,3,2016,7,24506,5636,30142,2812030,714540,3526570,378,113,36,3,32,0,41,8,1,8584,2387,407,2258,19,3513,208767,1
343,3,2017,7,25934,6251,32185,2906813,826522,3733335,395,133,40,3,36,0,53,10,1,10699,2940,326,2627,13,4793,206765,1
355,3,2018,7,26147,6641,32788,3078555,872166,3950721,392,118,34,4,35,0,44,9,1,9003,2317,425,2399,11,3850,217386,1
260,3,2010,8,17651,2920,20571,1986949,352005,2338954,377,83,30,1,26,0,27,2,1,5086,1887,88,1302,6,1805,148190,1
272,3,2011,8,18276,2903,21179,2063123,359149,2422272,390,121,36,3,37,0,45,27,2,9396,2692,408,2389,8,3899,83318,1
284,3,2012,8,20693,3753,24446,2350214,442553,2792767,391,99,31,3,28,0,37,2,1,7249,2213,293,1613,12,3118,370495,1
296,3,2013,8,21999,4306,26305,2424528,500188,2924716,386,104,30,1,32,1,40,1,1,6328,1959,74,1511,28,2756,131949,1
308,3,2014,8,22241,5216,27457,2499568,630550,3130118,366,80,24,2,27,1,27,2,1,4032,1283,132,1074,25,1518,205402,1
320,3,2015,8,23642,5326,28968,2607840,673900,3281740,378,93,28,3,26,1,35,4,1,5939,1724,277,1357,63,2518,151622,1
332,3,2016,8,24488,5745,30233,2778076,725392,3503468,375,96,30,3,26,0,37,5,1,6612,1848,263,1670,23,2808,221728,1
344,3,2017,8,25732,6137,31869,2883324,815173,3698497,391,115,36,2,32,1,43,9,1,8213,2550,257,1888,23,3495,195029,1
356,3,2018,8,26063,6608,32671,3045516,874552,3920068,392,119,34,3,36,0,44,10,1,9738,2554,340,2670,25,4149,221571,1
261,3,2010,9,15716,2089,17805,1639859,228337,1868196,344,68,21,1,27,0,18,4,1,4279,1480,117,1427,2,1253,248215,1
273,3,2011,9,16940,2456,19396,1759225,253830,2013055,339,74,21,1,31,0,21,1,1,4364,1362,56,1513,5,1428,144859,1
285,3,2012,9,18152,2927,21079,1862866,295743,2158609,342,58,17,1,22,0,18,0,1,3565,1084,60,1167,2,1251,145554,1
297,3,2013,9,18590,3104,21694,1869672,309334,2179006,326,53,17,1,19,0,17,1,1,3341,1078,83,930,16,1234,20397,1
309,3,2014,9,19071,3667,22738,1975628,380530,2356158,313,42,11,1,20,0,10,1,1,2035,587,55,803,6,584,177152,1
321,3,2015,9,21086,3919,25005,2192625,440247,2632872,335,65,20,2,23,0,20,1,1,3569,1093,129,1092,7,1249,276714,1
333,3,2016,9,22322,4284,26606,2416554,501363,2917917,339,70,20,2,24,0,24,2,1,3989,1104,139,1120,13,1613,285045,1
345,3,2017,9,21987,4191,26178,2282646,492088,2774734,358,73,21,2,25,0,25,33,1,5202,1494,155,1533,7,2013,-143183,2
357,3,2018,9,24241,5648,29889,2570632,635789,3206421,354,75,20,2,30,0,23,4,1,4901,1356,175,1633,5,1732,431687,1
262,3,2010,10,16483,2027,18510,1783521,221749,2005270,368,83,26,0,34,0,22,2,1,4814,1720,38,1507,6,1544,283058,1
274,3,2011,10,17411,2384,19795,1904825,253874,2158699,364,82,23,1,33,0,24,2,1,4843,1492,139,1576,8,1628,153429,1
286,3,2012,10,17302,2676,19978,1921819,272640,2194459,357,67,21,1,25,0,20,26,1,3323,1241,35,928,9,1111,35760,1
298,3,2013,10,19380,3102,22482,2021520,308731,2330251,340,44,13,0,19,0,11,0,0,2151,731,19,726,6,670,135792,1
310,3,2014,10,20080,3775,23855,2187763,397748,2585511,341,54,14,1,24,0,14,1,1,2809,723,78,1159,6,842,255260,1
322,3,2015,10,21826,4082,25908,2407418,461284,2868702,359,66,24,1,21,0,19,2,1,3480,1195,65,1036,5,1180,283191,1
334,3,2016,10,22753,4242,26995,2532802,501919,3034721,357,73,25,1,22,0,25,8,1,3961,1344,88,964,10,1555,166019,1
346,3,2017,10,24219,4578,28797,2645260,526501,3171761,374,68,20,1,25,0,22,8,1,4519,1200,95,1622,9,1593,137040,1
358,3,2018,10,24847,5419,30266,2773261,607337,3380598,367,75,23,1,29,0,22,2,1,4468,1502,64,1386,3,1513,208837,1
263,3,2010,11,16718,1962,18680,1776516,212382,1988898,349,70,24,0,26,0,20,2,1,3425,1372,12,914,7,1120,221453,1
275,3,2011,11,17636,2550,20186,1928157,269137,2197294,374,51,17,0,19,0,15,0,1,2640,935,14,787,3,901,208396,1
287,3,2012,11,18630,3104,21734,2028019,310394,2338413,370,60,22,1,17,0,19,6,1,3510,1303,152,709,7,1339,141119,1
299,3,2013,11,19570,3256,22826,1970159,342352,2312511,356,52,17,0,20,0,14,1,1,2468,925,22,722,8,792,-25902,2
311,3,2014,11,19935,4023,23958,2123703,420661,2544364,352,63,17,1,28,0,17,3,1,3189,903,77,1138,6,1066,231853,1
323,3,2015,11,21622,4174,25796,2390905,486610,2877515,368,60,22,0,20,0,17,2,1,3184,1153,30,885,12,1104,333151,1
335,3,2016,11,22967,4419,27386,2597905,521952,3119857,365,56,20,0,19,0,17,1,1,3050,1160,20,788,5,1076,242342,1
347,3,2017,11,23661,4663,28324,2636597,558141,3194738,370,48,17,0,16,0,14,1,1,2466,931,12,657,36,830,74881,1
359,3,2018,11,24460,5471,29931,2751673,636791,3388464,373,104,35,1,34,0,34,3,1,7248,2521,97,1802,12,2816,193726,1
264,3,2010,12,16654,2278,18932,1788497,250172,2038669,385,125,44,1,40,0,41,33,1,8280,3130,151,1950,10,3038,81653,1
276,3,2011,12,18908,3225,22133,2007341,326283,2333624,386,60,22,0,19,0,19,1,1,3435,1224,28,905,5,1273,294955,1
288,3,2012,12,19862,3592,23454,2124496,355590,2480086,390,114,37,1,34,0,42,1,1,7328,2443,73,1605,11,3197,146462,1
300,3,2013,12,20988,4224,25212,2253102,451312,2704414,386,133,39,2,46,1,46,6,1,7399,2242,187,1975,24,2970,224328,1
312,3,2014,12,21952,4878,26830,2326056,529367,2855423,385,72,22,0,28,0,21,2,1,3593,1122,20,1202,15,1235,151009,1
324,3,2015,12,23347,5222,28569,2544915,604335,3149250,389,114,40,1,31,1,42,1,1,7398,2391,185,1490,27,3305,293827,1
336,3,2016,12,24181,5588,29769,2714148,661789,3375937,386,105,35,1,30,0,38,4,2,6922,2158,177,1396,34,3157,226687,1
348,3,2017,12,25002,5709,30711,2762046,674548,3436594,390,100,33,2,29,0,36,1,1,6712,2230,193,1345,14,2931,60657,1
360,3,2018,12,25359,6358,31717,2807627,735471,3543098,373,93,35,0,26,0,32,1,1,6670,2641,39,1267,8,2715,106504,1
133,2,2010,1,56061,9321,65382,6269827,1432868,7702695,518,85,27,4,36,0,18,11,1,4826,1782,381,1501,5,1158,2443106,1
145,2,2011,1,55852,9433,65285,6353800,1465952,7819752,531,100,30,3,40,0,27,34,1,4921,1691,247,1399,1,1584,117057,1
157,2,2012,1,55239,8871,64110,6544675,1408755,7953430,447,57,16,2,24,0,15,3,1,2928,1055,129,862,1,882,133678,1
169,2,2013,1,57081,8683,65764,6945446,1436003,8381449,437,52,17,2,21,0,11,2,1,3000,1196,246,819,2,737,428019,1
181,2,2014,1,56300,9944,66244,7114603,1615474,8730077,441,108,35,10,30,0,32,22,1,7826,2787,1175,1574,1,2290,348628,1
193,2,2015,1,63957,11441,75398,7770744,1757052,9527796,444,56,18,3,21,0,14,5,0,3169,1224,285,825,4,830,797719,1
205,2,2016,1,68903,11834,80737,8471686,1839237,10310923,471,62,20,4,22,0,17,7,1,3973,1544,414,905,1,1109,783127,1
217,2,2017,1,69354,12069,81423,8526218,1870711,10396929,469,84,28,7,26,0,23,5,1,6653,2590,803,1413,3,1844,86006,1
229,2,2018,1,69959,12395,82354,8569504,1905480,10474984,488,65,19,7,20,0,19,11,1,5099,1518,903,1237,1,1440,78055,1
134,2,2010,2,50092,8488,58580,5896921,1270381,7167302,495,96,30,4,37,0,24,29,1,5418,1940,393,1471,8,1606,2430075,1
146,2,2011,2,52259,8869,61128,6190982,1260350,7451332,494,89,25,3,37,0,24,16,1,4718,1611,225,1378,1,1504,284030,1
158,2,2012,2,52037,8635,60672,6461946,1274507,7736453,434,42,13,1,17,0,11,1,0,2142,920,64,538,3,617,285121,1
170,2,2013,2,52443,8262,60705,6650536,1297777,7948313,413,52,17,2,21,0,13,4,0,2795,1267,124,746,1,658,211860,1
182,2,2014,2,51726,9056,60782,6828755,1403976,8232731,426,75,25,4,27,0,20,20,1,4300,1650,466,1068,2,1116,284418,1
194,2,2015,2,59378,9983,69361,7621569,1491339,9112908,417,79,25,7,25,0,23,12,1,5143,1746,715,1161,1,1520,880177,1
206,2,2016,2,67661,10744,78405,8331767,1605056,9936823,452,58,18,3,20,0,17,2,1,3990,1436,384,985,2,1182,823915,1
218,2,2017,2,65129,10496,75625,8243904,1611400,9855304,438,43,14,2,16,0,11,2,1,2636,1013,206,722,1,695,-81519,2
230,2,2018,2,66400,10979,77379,8572978,1690663,10263641,454,54,17,3,19,0,15,0,1,3737,1396,332,884,4,1121,408337,1
135,2,2010,3,59690,9838,69528,7697000,1629281,9326281,580,104,34,3,40,0,26,9,2,6010,2210,303,1650,3,1845,3654903,1
147,2,2011,3,62311,10527,72838,8038760,1606405,9645165,549,113,31,2,46,0,34,4,1,5657,1819,174,1707,2,1955,318884,1
159,2,2012,3,60472,10356,70828,8227631,1681341,9908972,488,68,21,1,26,0,20,1,1,3378,1312,97,847,1,1121,263807,1
171,2,2013,3,63624,10018,73642,8595017,1715641,10310658,477,67,24,2,24,0,17,4,1,3965,1626,320,958,1,1060,401686,1
183,2,2014,3,67085,11108,78193,9238646,1823047,11061693,512,79,27,2,27,0,23,1,1,4030,1743,183,948,1,1155,751035,1
195,2,2015,3,73836,11797,85633,9898585,1893216,11791801,519,79,27,3,27,0,23,4,1,4663,1794,376,1173,1,1318,730108,1
207,2,2016,3,78326,11733,90059,10207835,1913147,12120982,532,63,21,2,22,0,18,0,1,3806,1584,192,925,3,1102,329181,1
219,2,2017,3,78839,12290,91129,10589367,2040175,12629542,531,66,20,3,24,0,18,3,1,4447,1599,328,1248,2,1270,508560,1
231,2,2018,3,80645,12813,93458,10898772,2180508,13079280,557,66,23,3,23,0,18,6,1,3881,1529,402,937,5,1008,449738,1
136,2,2010,4,59271,8602,67873,7488219,1416252,8904471,539,80,27,2,32,0,18,3,1,4017,1628,141,1163,2,1083,3273222,1
148,2,2011,4,60131,9647,69778,7708165,1547821,9255986,513,105,28,3,43,0,32,5,1,5543,1681,258,1718,3,1884,351515,1
160,2,2012,4,59461,9173,68634,7968212,1518908,9487120,483,42,15,0,16,0,12,1,1,2181,1040,33,472,1,635,231134,1
172,2,2013,4,62354,9099,71453,8129300,1524946,9654246,479,68,23,2,25,0,18,1,1,3974,1664,190,1112,2,1007,167126,1
184,2,2014,4,65806,10012,75818,8961118,1688545,10649663,509,74,23,2,27,0,21,0,1,3815,1555,186,976,1,1098,995417,1
196,2,2015,4,72219,11181,83400,9537737,1787714,11325451,505,64,21,3,23,0,17,1,1,3731,1430,252,983,2,1065,675788,1
208,2,2016,4,76677,11525,88202,9886117,1869972,11756089,525,50,19,1,16,0,14,0,1,3115,1488,120,656,1,850,430638,1
220,2,2017,4,74141,12094,86235,9684786,2061449,11746235,531,100,32,10,28,0,30,22,1,10109,3550,1545,1960,3,3051,-9854,2
232,2,2018,4,78895,12102,90997,10458858,2065443,12524301,538,70,22,2,28,0,18,2,1,4223,1579,273,1190,3,1178,778066,1
137,2,2010,5,61027,9228,70255,7658466,1598470,9256936,558,128,39,4,53,0,32,6,2,7123,2354,387,2249,2,2131,3597025,1
149,2,2011,5,62865,9475,72340,8211317,1625061,9836378,553,92,28,3,36,0,25,3,1,5114,1736,282,1550,5,1541,579442,1
161,2,2012,5,61301,9524,70825,8184512,1637348,9821860,494,65,19,2,25,0,19,1,1,3465,1302,111,954,3,1096,-14518,2
173,2,2013,5,64207,9717,73924,8521714,1715015,10236729,501,68,23,1,26,0,18,0,1,3833,1633,118,1008,1,1074,414869,1
185,2,2014,5,68221,10613,78834,9364067,1844025,11208092,512,78,26,2,29,0,21,1,1,4376,1736,174,1278,11,1175,971363,1
197,2,2015,5,74937,11743,86680,10018605,1971017,11989622,506,63,21,3,21,0,18,1,1,4286,1549,341,1102,2,1293,781530,1
209,2,2016,5,80644,11884,92528,10702739,2019100,12721839,556,62,23,2,20,0,17,0,1,3582,1689,148,735,3,1006,732217,1
221,2,2017,5,80904,12492,93396,10813517,2156252,12969769,549,93,28,2,35,0,28,0,1,6047,2060,147,2027,3,1811,247930,1
233,2,2018,5,81914,12729,94643,11042700,2213437,13256137,564,83,26,3,32,0,22,0,1,4934,1850,320,1485,7,1272,286368,1
138,2,2010,6,63222,10570,73792,8333586,1926162,10259748,533,148,51,5,49,0,43,10,2,8325,3051,386,2120,2,2766,4172837,1
150,2,2011,6,63783,10520,74303,8476210,1918498,10394708,525,106,32,5,36,0,33,6,2,6410,2087,481,1729,2,2111,134960,1
162,2,2012,6,63297,10560,73857,8731599,1939334,10670933,498,69,23,2,23,0,21,2,2,4120,1609,173,997,1,1341,276225,1
174,2,2013,6,66266,10866,77132,8955829,2029562,10985391,487,113,36,4,39,0,34,2,1,7551,2586,471,2154,4,2335,314458,1
186,2,2014,6,69904,11942,81846,9604618,2137755,11742373,505,96,29,5,34,0,28,0,1,5485,1942,310,1577,1,1655,756982,1
198,2,2015,6,77368,12580,89948,10447049,2209607,12656656,512,88,27,5,29,0,27,2,2,5772,1895,537,1498,3,1839,914283,1
210,2,2016,6,81770,12641,94411,10801557,2295425,13096982,540,88,27,4,28,0,28,0,2,5870,2058,406,1381,3,2021,440326,1
222,2,2017,6,81187,13265,94452,10968903,2415035,13383938,544,92,28,4,33,0,27,1,1,6110,2107,316,1819,6,1862,286956,1
234,2,2018,6,83840,13481,97321,11433287,2474713,13908000,561,101,31,7,32,0,31,1,2,7839,2587,772,1847,4,2629,524062,1
139,2,2010,7,64478,11484,75962,8570388,2117177,10687565,583,158,57,5,48,0,48,15,2,9497,3519,420,2259,5,3295,4092628,1
151,2,2011,7,66539,11461,78000,8975080,2139018,11114098,553,105,32,5,34,0,34,5,1,6490,2106,421,1665,2,2297,426533,1
163,2,2012,7,65771,11131,76902,9071103,2064843,11135946,522,100,29,5,35,0,31,3,2,6600,2106,406,1859,2,2228,21848,1
175,2,2013,7,69227,11927,81154,9285996,2208948,11494944,524,129,41,4,44,0,40,2,2,8647,3106,401,2357,1,2782,358998,1
187,2,2014,7,72875,12804,85679,10060931,2273125,12334056,531,70,25,3,24,0,18,1,1,4330,1703,287,1174,1,1166,839112,1
199,2,2015,7,80943,13462,94405,10866964,2404101,13271065,557,85,26,5,29,0,26,1,2,4978,1796,304,1270,3,1604,937009,1
211,2,2016,7,83844,13534,97378,10934957,2466034,13400991,569,101,32,6,33,0,30,2,2,8122,2694,628,2224,2,2573,129926,1
223,2,2017,7,83843,14066,97909,11309402,2559200,13868602,569,94,30,5,32,0,27,0,2,6449,2402,363,1764,15,1905,467611,1
235,2,2018,7,86766,14228,100994,11918888,2622703,14541591,589,95,27,6,33,0,29,1,2,7071,2062,579,2066,3,2361,672989,1
140,2,2010,8,65066,10848,75914,8289570,2003618,10293188,568,118,40,2,42,0,35,9,1,6402,2324,217,1778,1,2081,3987517,1
152,2,2011,8,65237,10709,75946,8560593,2019596,10580189,542,83,27,3,28,0,25,10,2,4942,1781,251,1292,1,1617,287001,1
164,2,2012,8,66746,10697,77443,9018451,2014284,11032735,527,80,25,2,29,0,25,3,1,4900,1732,138,1368,1,1661,452546,1
176,2,2013,8,69479,11667,81146,9186387,2202558,11388945,521,77,26,2,27,0,22,0,1,4208,1829,128,1037,1,1212,356210,1
188,2,2014,8,72902,12746,85648,9875166,2309861,12185027,521,76,25,4,26,0,20,2,1,4812,1872,416,1201,2,1320,796082,1
200,2,2015,8,81178,13450,94628,10643803,2413456,13057259,554,79,25,5,25,0,24,0,1,4729,1733,359,1154,2,1480,872232,1
212,2,2016,8,82950,13175,96125,10332267,2349012,12681279,560,99,39,3,26,0,31,12,1,9333,4494,250,1494,11,3084,-375980,2
224,2,2017,8,84816,13687,98503,11309630,2501763,13811393,573,70,23,2,25,0,20,1,1,4110,1642,154,1126,6,1182,1130114,1
236,2,2018,8,88074,13812,101886,11932518,2553639,14486157,594,97,28,5,34,0,29,1,2,6902,2116,450,2084,5,2248,674764,1
141,2,2010,9,61372,8654,70026,7325582,1590182,8915764,519,90,27,1,39,0,23,5,1,4231,1483,93,1380,1,1273,3554266,1
153,2,2011,9,59226,8689,67915,7507319,1576267,9083586,477,55,16,1,23,0,14,1,1,2777,1033,74,867,1,802,167822,1
165,2,2012,9,61144,8796,69940,7651409,1631015,9282424,466,46,15,1,18,0,13,1,1,2573,1072,35,720,1,746,198838,1
177,2,2013,9,62388,9669,72057,7856110,1750188,9606298,461,44,16,1,17,0,10,0,1,2371,1093,52,654,1,570,323874,1
189,2,2014,9,67122,10459,77581,8636445,1853791,10490236,466,65,19,2,27,0,17,1,1,3212,1233,135,1000,3,842,883938,1
201,2,2015,9,72242,10808,83050,9310805,1895470,11206275,494,46,16,2,17,0,11,0,1,2571,1116,162,650,1,641,716039,1
213,2,2016,9,75632,10963,86595,9712323,1891703,11604026,507,49,17,2,18,0,12,0,1,2881,1261,176,720,3,722,397751,1
225,2,2017,9,74074,11305,85379,9416969,1966369,11383338,521,46,17,2,17,0,10,12,1,2974,1265,257,817,2,633,-220688,2
237,2,2018,9,78175,11620,89795,10028453,2018433,12046886,542,62,19,2,25,0,16,1,1,3572,1310,198,1132,5,927,663548,1
142,2,2010,10,63029,8708,71737,7988508,1559000,9547508,571,91,29,2,34,0,26,6,1,4956,1658,206,1491,1,1601,3800853,1
154,2,2011,10,61212,8513,69725,7987349,1464681,9452030,519,52,17,1,22,0,13,2,1,2472,1019,49,726,2,677,-95478,2
166,2,2012,10,62824,8417,71241,8365640,1510788,9876428,507,63,19,1,24,0,19,10,1,2992,1222,57,773,1,939,424398,1
178,2,2013,10,65587,9294,74881,8495170,1619129,10114299,496,42,16,0,16,0,10,0,0,2053,1081,31,484,4,453,237871,1
190,2,2014,10,70812,9911,80723,9430367,1674994,11105361,501,66,19,1,26,0,18,0,0,3183,1168,90,973,1,950,991062,1
202,2,2015,10,75652,10098,85750,10186485,1754714,11941199,528,41,17,1,14,0,10,0,1,2317,1229,55,495,1,537,835838,1
214,2,2016,10,78599,10312,88911,10384814,1741881,12126695,534,38,15,1,14,0,9,3,0,2069,1050,28,541,3,447,185496,1
226,2,2017,10,79605,11038,90643,10725324,1863210,12588534,544,57,19,2,20,0,16,0,1,3476,1368,93,1067,7,940,461839,1
238,2,2018,10,82219,11267,93486,11070334,1943902,13014236,566,55,18,1,22,0,14,1,1,2969,1212,160,800,2,795,425702,1
143,2,2010,11,59859,7999,67858,7336348,1334879,8671227,548,99,27,2,42,0,28,6,1,4828,1524,137,1520,0,1647,3390285,1
155,2,2011,11,58129,7452,65581,7534741,1231262,8766003,480,52,16,1,22,0,13,1,1,2434,958,35,739,1,701,94776,1
167,2,2012,11,60032,7657,67689,7885681,1315337,9201018,473,42,15,1,15,0,12,2,1,2167,1001,54,478,2,631,435015,1
179,2,2013,11,61500,8654,70154,7661415,1406959,9068374,468,54,18,1,20,0,15,0,0,2861,1274,92,685,41,769,-132644,2
191,2,2014,11,67079,9173,76252,8555221,1452969,10008190,472,63,19,2,26,0,16,0,0,3217,1241,146,948,3,879,939816,1
203,2,2015,11,72350,9395,81745,9470271,1504002,10974273,516,54,18,2,19,0,14,0,1,2969,1323,144,708,6,788,966083,1
215,2,2016,11,74194,9061,83255,9858408,1459191,11317599,494,42,15,1,16,0,10,0,1,2331,1073,76,602,3,576,343326,1
227,2,2017,11,74440,9763,84203,9968774,1577424,11546198,509,32,12,1,12,0,6,0,0,1706,881,54,429,3,340,228599,1
239,2,2018,11,76362,9959,86321,10544475,1643676,12188151,519,85,22,4,33,0,26,1,1,4857,1565,373,1430,1,1488,641953,1
144,2,2010,12,58350,8922,67272,7097273,1499834,8597107,530,132,41,4,47,0,40,25,1,7258,2410,343,2047,2,2457,3238675,1
156,2,2011,12,57426,8642,66068,7166636,1450399,8617035,471,53,17,1,21,0,15,1,1,2716,1056,53,770,1,837,19928,1
168,2,2012,12,57389,8852,66241,7328012,1522781,8850793,438,62,19,1,24,0,18,1,0,3310,1229,123,926,1,1030,233758,1
180,2,2013,12,60717,9730,70447,8089402,1654873,9744275,446,89,29,4,32,0,24,2,1,4790,1967,338,1187,0,1297,893482,1
192,2,2014,12,66621,10575,77196,8550169,1720667,10270836,459,50,17,2,20,0,12,0,0,2599,1169,123,720,0,588,526561,1
204,2,2015,12,70846,10920,81766,9131393,1746754,10878147,481,77,24,5,24,0,23,1,1,5297,1777,594,1191,2,1732,607311,1
216,2,2016,12,71642,11509,83151,9373077,1838715,11211792,484,88,30,5,30,0,24,1,1,5834,2262,492,1373,4,1703,333645,1
228,2,2017,12,70899,11730,82629,9178087,1869793,11047880,492,66,23,5,22,0,17,14,1,4907,1828,696,1302,6,1076,-163912,2
240,2,2018,12,75133,11563,86696,10002045,1904834,11906879,510,54,17,2,21,0,13,0,1,2896,1143,214,810,1,729,858999,1
493,5,2010,1,27713,4541,32254,3256750,746340,4003090,375,55,13,1,22,0,18,6,1,3037,795,74,956,1,1211,-132542,2
505,5,2011,1,25702,4738,30440,3012378,770944,3783322,359,47,10,2,21,0,14,8,1,2577,644,93,921,19,901,-219768,2
517,5,2012,1,41370,13434,54804,4984089,1901259,6885348,497,82,23,2,35,0,21,6,1,4494,1332,228,1405,0,1528,3102026,1
529,5,2013,1,40335,12973,53308,4954097,1890855,6844952,476,78,25,2,31,0,19,3,1,3978,1300,157,1174,3,1344,-40396,2
541,5,2014,1,37555,12807,50362,4786821,1906028,6692849,484,116,43,8,33,0,31,23,1,7396,2627,685,1429,0,2655,-152103,2
553,5,2015,1,37607,12789,50396,4804539,1947047,6751586,499,109,43,6,32,0,28,13,1,6337,2254,430,1481,0,2172,58737,1
565,5,2016,1,38556,13177,51733,5055420,2019550,7074970,462,65,24,3,20,0,17,16,1,3990,1438,194,1024,1,1334,323384,1
577,5,2017,1,42317,13837,56154,5577898,2106434,7684332,487,102,31,3,39,0,28,3,1,7085,2176,261,2151,2,2496,609362,1
589,5,2018,1,44638,13513,58151,5765091,2099654,7864745,468,62,16,3,26,0,17,9,1,3947,1007,330,1241,0,1369,180413,1
494,5,2010,2,24772,3912,28684,2998199,625452,3623651,348,51,12,1,19,0,18,20,1,2794,679,97,818,0,1200,-267425,2
506,5,2011,2,23216,4242,27458,2809725,638719,3448444,330,55,12,1,25,0,16,13,0,2945,775,117,992,0,1061,-175207,2
518,5,2012,2,40632,12589,53221,4919282,1676303,6595585,475,73,21,1,30,0,20,4,1,3549,1085,62,1120,6,1276,3147141,1
530,5,2013,2,37435,11511,48946,4686091,1604832,6290923,448,76,24,3,29,0,20,9,1,3947,1285,201,1090,2,1369,-304662,2
542,5,2014,2,35274,11676,46950,4565753,1671615,6237368,455,119,42,5,41,0,32,17,1,7021,2326,380,1884,0,2432,-53555,2
554,5,2015,2,35454,11470,46924,4607021,1686887,6293908,483,113,42,8,34,0,29,13,1,6292,2176,495,1581,0,2039,56540,1
566,5,2016,2,38677,12400,51077,4973238,1781640,6754878,469,60,19,3,20,0,18,4,1,4503,1256,287,1341,0,1619,460970,1
578,5,2017,2,39735,12089,51824,5254113,1743226,6997339,435,75,21,2,30,0,23,4,1,5333,1421,198,1754,0,1959,242461,1
590,5,2018,2,41611,12058,53669,5500603,1818739,7319342,438,64,14,3,32,0,15,2,1,3954,891,301,1530,3,1230,322003,1
495,5,2010,3,29373,4632,34005,3781975,795355,4577330,396,57,13,1,21,0,22,6,1,3246,784,57,982,0,1423,-295068,2
507,5,2011,3,27359,5053,32412,3449670,811046,4260716,376,57,11,1,23,0,22,3,0,3248,703,58,1037,0,1449,-316614,2
519,5,2012,3,46149,14525,60674,5952082,2119321,8071403,538,117,39,2,43,0,33,3,1,5843,1940,117,1693,0,2093,3810687,1
531,5,2013,3,43624,13905,57529,5704496,2127732,7832228,544,96,32,2,34,0,28,8,1,5289,1719,153,1455,5,1958,-239175,2
543,5,2014,3,42232,14895,57127,5645416,2222298,7867714,545,106,39,3,34,0,30,6,1,5813,2027,177,1419,0,2189,35486,1
555,5,2015,3,43230,14507,57737,5776714,2233207,8009921,581,117,45,5,34,0,34,9,1,7020,2347,417,1664,0,2592,142207,1
567,5,2016,3,43911,14625,58536,5923783,2241984,8165767,515,91,27,3,30,0,31,6,1,6256,1857,234,1590,0,2574,155846,1
579,5,2017,3,47941,14528,62469,6712764,2209138,8921902,521,91,24,2,36,0,29,7,1,6041,1636,121,1950,0,2335,756135,1
591,5,2018,3,48896,14670,63566,6908921,2373740,9282661,524,72,18,2,30,0,21,12,1,4665,1198,240,1555,0,1672,360759,1
496,5,2010,4,28081,4237,32318,3594361,725217,4319578,381,41,10,1,14,0,15,3,1,2318,626,61,633,14,983,-309343,2
508,5,2011,4,25052,5117,30169,3230000,828484,4058484,346,62,12,1,27,0,23,4,1,3582,750,80,1231,1,1521,-261094,2
520,5,2012,4,44170,13675,57845,5757600,2034449,7792049,544,97,32,1,36,0,28,3,1,4774,1621,63,1299,10,1782,3733565,1
532,5,2013,4,41144,13393,54537,5263228,1978337,7241565,518,117,33,2,48,0,33,6,1,7420,2024,235,2470,7,2685,-550484,2
544,5,2014,4,39498,13498,52996,5263789,2083668,7347457,520,91,27,2,38,0,24,2,1,4745,1400,103,1607,0,1635,105892,1
556,5,2015,4,41165,14267,55432,5511339,2124217,7635556,530,103,39,3,29,0,33,5,1,6330,2149,226,1441,0,2513,288099,1
568,5,2016,4,42781,13299,56080,5729928,2022485,7752413,497,66,20,2,21,0,23,7,1,4451,1344,156,1102,0,1850,116857,1
580,5,2017,4,45622,14107,59729,6478750,2221866,8700616,469,84,19,1,38,0,25,0,1,5804,1288,102,2287,0,2127,948203,1
592,5,2018,4,49966,13722,63688,6997037,2174385,9171422,494,78,18,2,34,0,24,1,1,5255,1242,231,1733,0,2050,470806,1
497,5,2010,5,28740,4665,33405,3724578,859352,4583930,412,57,12,2,22,0,22,4,1,3762,858,154,1137,0,1613,-93925,2
509,5,2011,5,25809,5052,30861,3382600,894944,4277544,377,75,16,2,31,0,27,5,1,4883,1042,193,1607,4,2037,-306386,2
521,5,2012,5,45115,13843,58958,5908966,2087875,7996841,580,122,38,2,49,0,33,5,1,6900,2205,223,2068,8,2395,3719297,1
533,5,2013,5,42916,13561,56477,5618696,2091661,7710357,544,105,30,2,45,0,29,4,1,6114,1678,167,2166,3,2100,-286484,2
545,5,2014,5,42239,14022,56261,5676534,2219737,7896271,558,122,36,4,47,0,35,7,3,7821,2058,296,2527,0,2940,185914,1
557,5,2015,5,44396,13941,58337,5984499,2208848,8193347,600,133,45,6,40,0,42,5,3,8231,2380,511,1958,5,3376,297076,1
569,5,2016,5,45910,13833,59743,6293618,2175315,8468933,540,83,26,3,27,0,27,3,2,5692,1665,289,1411,0,2327,275586,1
581,5,2017,5,49466,14302,63768,6914319,2224936,9139255,531,92,20,2,44,0,27,1,1,6480,1506,219,2519,0,2235,670322,1
593,5,2018,5,52779,13567,66346,7416877,2222903,9639780,539,108,23,5,48,0,33,3,2,7984,1665,506,2793,0,3020,500525,1
498,5,2010,6,29090,4692,33782,3924482,908091,4832573,413,77,17,2,27,0,32,6,2,5115,1096,173,1497,0,2350,-249878,2
510,5,2011,6,27382,4942,32324,3664079,932071,4596150,396,93,23,2,30,0,38,7,1,6617,1704,181,1658,1,3074,-236423,2
522,5,2012,6,46479,14148,60627,6185279,2257790,8443069,577,161,56,3,48,0,55,9,2,9832,3276,219,2116,12,4209,3846919,1
534,5,2013,6,43326,14053,57379,5835043,2296608,8131651,538,146,43,4,50,0,50,7,2,10163,2682,372,2782,4,4323,-311418,2
546,5,2014,6,42596,15001,57597,5782418,2428981,8211399,564,159,49,6,54,0,50,8,2,9901,2817,527,2643,0,3914,79748,1
558,5,2015,6,45385,14663,60048,6231940,2428215,8660155,583,179,63,7,44,0,65,14,3,12517,3882,542,2505,0,5588,448756,1
570,5,2016,6,46399,14880,61279,6592185,2495365,9087550,522,102,32,4,32,0,33,4,3,7208,2081,416,1729,0,2982,427395,1
582,5,2017,6,51968,15580,67548,7409256,2586805,9996061,525,104,24,3,42,0,35,2,2,7768,1932,304,2472,1,3060,908511,1
594,5,2018,6,55024,15145,70169,7953658,2640872,10594530,505,121,26,5,48,0,42,2,2,8692,1916,480,2486,0,3810,598469,1
499,5,2010,7,30224,4973,35197,4019575,952962,4972537,428,66,16,3,20,0,27,5,2,4218,1078,178,980,0,1983,-370775,2
511,5,2011,7,28530,5227,33757,3822906,999916,4822822,404,97,23,2,28,0,44,10,1,6557,1585,191,1413,0,3368,-149715,2
523,5,2012,7,47403,15160,62563,6326084,2439653,8765737,624,207,69,6,57,0,75,14,2,14415,4349,491,3169,12,6394,3942915,1
535,5,2013,7,44467,14804,59271,5899822,2453930,8353752,582,144,41,4,53,0,47,8,2,9405,2496,306,2879,2,3722,-411985,2
547,5,2014,7,43775,15661,59436,5927391,2600920,8528311,595,139,44,6,43,0,46,8,2,8680,2519,474,2160,1,3526,174559,1
559,5,2015,7,46250,16216,62466,6451029,2706365,9157394,588,148,55,4,35,0,54,6,2,9950,3394,305,1794,0,4457,629083,1
571,5,2016,7,47857,16342,64199,6767029,2785547,9552576,559,122,37,7,37,0,42,7,3,9456,2512,695,2357,0,3893,395182,1
583,5,2017,7,53430,16850,70280,7680435,2869396,10549831,547,110,26,5,38,0,40,4,2,8745,2001,524,2458,0,3762,997255,1
595,5,2018,7,57157,16212,73369,8359598,2872933,11232531,535,128,29,5,47,0,46,4,2,9677,2237,601,2571,0,4268,682700,1
500,5,2010,8,30444,4866,35310,4030843,936221,4967064,426,58,13,1,18,0,25,5,1,3424,842,86,894,0,1602,-275931,2
512,5,2011,8,28180,5051,33231,3715505,959619,4675124,410,80,20,2,27,0,31,10,1,4996,1275,216,1334,1,2170,-291940,2
524,5,2012,8,47361,14224,61585,6284718,2276932,8561650,612,159,59,3,43,1,54,10,1,9942,3439,213,2088,45,4157,3886526,1
536,5,2013,8,44455,14087,58542,5902085,2332039,8234124,577,115,35,3,39,0,36,3,2,6641,1958,231,1808,5,2638,-327526,2
548,5,2014,8,42721,14631,57352,5847897,2445936,8293833,587,129,41,5,43,0,41,6,2,7568,2213,357,1959,0,3039,59709,1
560,5,2015,8,45328,15194,60522,6273013,2546709,8819722,568,114,41,5,30,0,38,4,2,7211,2317,354,1592,9,2940,525889,1
572,5,2016,8,49703,14750,64453,6788195,2501629,9289824,565,122,35,5,41,0,40,4,2,8172,2175,370,2152,20,3455,470102,1
584,5,2017,8,53531,14762,68293,7404363,2555410,9959773,554,101,22,5,41,0,33,22,2,7043,1523,509,2251,1,2758,669949,1
596,5,2018,8,57536,14903,72439,8124429,2605443,10729872,541,148,32,7,58,0,52,7,3,11641,2439,795,3569,0,4838,770099,1
501,5,2010,9,27980,4362,32342,3498724,836388,4335112,401,38,9,1,16,0,13,2,1,2070,564,55,710,4,737,-10553,2
513,5,2011,9,24571,4629,29200,3171710,857955,4029665,363,62,14,1,29,0,17,2,0,3099,844,90,1139,0,1026,-305447,2
525,5,2012,9,42756,11781,54537,5253311,1838359,7091670,563,97,32,1,39,0,25,3,1,5234,1741,90,1649,11,1743,3062005,1
537,5,2013,9,40645,11825,52470,5097214,1870468,6967682,515,75,22,2,29,0,21,3,1,4827,1326,212,1571,3,1716,-123988,2
549,5,2014,9,39951,11666,51617,5164238,1899869,7064107,544,98,29,3,40,0,26,6,1,5561,1526,183,1880,1,1971,96425,1
561,5,2015,9,41774,11744,53518,5655459,1911328,7566787,503,67,24,2,22,0,19,1,1,4015,1384,125,980,1,1524,502680,1
573,5,2016,9,46870,11865,58735,6337483,1981344,8318827,539,81,26,3,29,0,24,2,1,5233,1667,178,1392,0,1996,752040,1
585,5,2017,9,47547,12422,59969,6366060,2007345,8373405,494,57,14,1,26,0,16,15,1,3395,906,89,1264,0,1136,54578,1
597,5,2018,9,52837,12025,64862,6958417,2000431,8958848,514,88,20,4,40,0,24,2,1,6159,1435,457,2092,0,2176,585443,1
502,5,2010,10,29057,4535,33592,3754131,830069,4584200,429,41,9,1,17,0,14,2,0,2213,584,31,760,0,837,4703,1
514,5,2011,10,25040,4672,29712,3269782,832614,4102396,369,62,15,1,28,0,18,2,0,3085,882,59,1035,0,1108,-481804,2
526,5,2012,10,42550,11489,54039,5510934,1749224,7260158,577,107,36,1,41,0,28,27,1,5817,1944,117,1680,13,2063,3157762,1
538,5,2013,10,43239,11792,55031,5524693,1827429,7352122,569,83,27,1,33,0,22,2,1,4344,1416,61,1338,4,1525,91964,1
550,5,2014,10,43231,11875,55106,5602825,1865164,7467989,602,131,43,2,50,0,37,4,1,7211,2164,163,2287,0,2596,115867,1
562,5,2015,10,45892,11731,57623,6329169,1896879,8226048,540,64,25,1,19,0,19,2,1,4035,1491,66,887,0,1591,758059,1
574,5,2016,10,49691,11893,61584,6790121,1936038,8726159,561,89,28,1,32,0,28,4,1,5644,1721,47,1635,1,2240,500111,1
586,5,2017,10,51239,12640,63879,7100764,1938972,9039736,534,73,17,2,32,0,22,2,1,4878,1071,174,1912,1,1720,313577,1
598,5,2018,10,55635,12494,68129,7660817,2057748,9718565,529,94,21,2,44,0,27,1,1,5536,1374,216,1861,0,2085,678829,1
503,5,2010,11,27263,4133,31396,3397281,709283,4106564,379,31,7,0,14,0,10,1,0,1603,455,20,544,0,584,66266,1
515,5,2011,11,22893,4204,27097,2952856,737461,3690317,333,54,13,0,24,0,17,2,1,2747,702,13,997,0,1035,-416247,2
527,5,2012,11,40882,11056,51938,5204739,1676868,6881607,530,69,27,0,22,0,19,8,0,3928,1588,36,916,6,1382,3191290,1
539,5,2013,11,40550,11476,52026,5122924,1718822,6841746,535,77,26,2,28,0,20,3,1,4204,1365,127,1137,42,1532,-39861,2
551,5,2014,11,39686,12022,51708,5059175,1808770,6867945,561,104,38,4,32,0,30,4,1,5900,1958,242,1478,0,2223,26199,1
563,5,2015,11,42495,12053,54548,5740177,1869335,7609512,508,77,26,3,24,0,24,4,1,5578,1702,267,1431,1,2177,741567,1
575,5,2016,11,46043,11545,57588,6297085,1836771,8133856,524,71,22,1,26,0,22,1,1,4426,1342,140,1260,0,1684,524344,1
587,5,2017,11,48381,12489,60870,6803531,1927316,8730847,537,61,15,0,27,0,19,0,0,3906,996,29,1402,0,1480,596991,1
599,5,2018,11,51388,12403,63791,7199379,2051315,9250694,513,107,24,3,47,0,33,6,1,7249,1625,495,2414,0,2716,519847,1
504,5,2010,12,27172,4597,31769,3326001,800610,4126611,373,54,13,1,23,0,17,8,1,3075,757,86,1072,0,1159,-105111,2
516,5,2011,12,23895,4688,28583,3047322,826777,3874099,338,51,16,1,19,0,16,2,0,2683,932,57,698,0,996,-252512,2
528,5,2012,12,41814,12480,54294,5246744,1902127,7148871,506,104,37,2,37,0,28,4,1,5859,2023,123,1567,4,2143,3274772,1
540,5,2013,12,41074,12548,53622,5505093,1971843,7476936,499,125,48,4,40,0,33,7,1,6734,2439,284,1633,0,2377,328065,1
552,5,2014,12,40276,13261,53537,5346056,2050286,7396342,539,144,53,2,49,0,39,4,1,8103,2607,119,2524,1,2852,-80594,2
564,5,2015,12,42855,13886,56741,5813742,2153949,7967691,505,101,36,4,27,0,34,9,1,8024,2477,400,1764,0,3383,571349,1
576,5,2016,12,45329,14090,59419,6232029,2212170,8444199,497,112,36,5,37,0,34,6,1,7718,2171,556,1973,2,3015,476508,1
588,5,2017,12,49116,13972,63088,6732130,2212607,8944737,491,74,19,3,31,0,20,1,1,4599,1204,307,1501,0,1587,500538,1
600,5,2018,12,51589,14276,65865,7051231,2340358,9391589,500,95,23,2,42,0,28,1,1,5927,1516,148,1891,0,2371,446852,1
373,4,2010,1,88406,,88406,7576013,,7576013,1325,235,70,8,42,2,114,26,3,10836,2867,516,1697,42,5714,582447,1
385,4,2011,1,92018,,92018,8307319,,8307319,1353,323,103,6,44,2,167,21,3,13825,4144,357,1598,71,7655,731306,1
397,4,2012,1,90085,,90085,8169963,,8169963,1264,140,40,5,31,0,64,14,2,7039,1914,415,1279,11,3419,-137356,2
409,4,2013,1,88715,,88715,8047475,,8047475,1143,164,52,3,37,1,71,7,1,6684,2166,231,1211,22,3053,-122488,2
421,4,2014,1,87334,,87334,8569049,,8569049,1029,326,105,6,48,1,166,50,5,19604,5743,546,2267,28,11020,521574,1
433,4,2015,1,98417,1354,99771,9891576,144812,10036388,1163,220,69,4,41,0,105,21,3,10574,3230,326,1520,10,5487,1467339,1
445,4,2016,1,101623,2037,103660,10695153,228953,10924106,1211,164,52,4,34,0,74,31,2,7626,2515,283,1172,13,3643,887718,1
457,4,2017,1,105683,2754,108437,11037315,287068,11324383,1239,285,68,7,71,0,138,27,3,14057,3346,621,2766,9,7315,400277,1
469,4,2018,1,107342,3167,110509,11656512,341918,11998430,1275,201,60,2,48,1,90,29,2,9124,2821,163,1784,26,4330,674047,1
374,4,2010,2,78718,,78718,6963295,,6963295,1213,184,55,6,32,1,90,57,3,8693,2234,446,1377,24,4611,-104743,2
386,4,2011,2,82477,,82477,7602255,,7602255,1236,272,75,5,46,1,145,42,3,12975,3370,354,1790,49,7413,638960,1
398,4,2012,2,86419,,86419,8050366,,8050366,1195,118,37,3,23,1,54,12,1,5191,1714,180,789,13,2494,448111,1
410,4,2013,2,81589,,81589,7891987,,7891987,1066,143,43,4,31,0,64,20,2,5733,1759,255,1003,15,2701,-158379,2
422,4,2014,2,82012,,82012,8382418,,8382418,950,249,73,5,42,0,128,30,2,11879,3371,350,1659,9,6490,490431,1
434,4,2015,2,86840,1198,88038,9402954,132499,9535453,1049,193,60,5,40,0,89,40,2,9344,2928,387,1505,4,4519,1153035,1
446,4,2016,2,95924,1900,97824,10378380,212516,10590896,1131,119,37,4,26,0,52,16,2,5917,1855,360,961,7,2734,1055443,1
458,4,2017,2,94593,2563,97156,10406350,256495,10662845,1100,177,41,5,51,0,81,15,2,7790,1877,342,1756,2,3812,71949,1
470,4,2018,2,95101,2858,97959,10920661,306799,11227460,1128,232,70,2,53,1,106,24,3,10517,3275,187,2003,29,5023,564615,1
375,4,2010,3,94768,,94768,9155156,,9155156,1403,262,85,5,38,1,132,12,3,12071,3555,414,1510,36,6556,166770,1
387,4,2011,3,99328,,99328,9689544,,9689544,1387,268,76,5,44,1,142,9,2,13493,3512,421,1766,32,7761,534388,1
399,4,2012,3,98151,,98151,9745795,,9745795,1350,192,56,5,38,1,92,7,2,8935,2553,408,1390,17,4567,56251,1
411,4,2013,3,98145,,98145,10248051,,10248051,1255,232,63,6,46,1,115,14,2,10706,2759,476,1729,25,5717,502256,1
423,4,2014,3,100338,,100338,10944064,,10944064,1139,302,92,3,47,0,160,13,1,13795,4056,275,1685,9,7769,696013,1
435,4,2015,3,107279,1484,108763,12354567,172407,12526974,1270,226,74,4,40,0,107,25,3,11465,3851,327,1485,21,5780,1582910,1
447,4,2016,3,110884,2167,113051,12862493,250946,13113439,1302,228,61,6,51,0,110,15,3,10796,2904,501,1935,14,5442,586465,1
459,4,2017,3,113188,3007,116195,13268282,322840,13591122,1323,244,59,5,62,0,117,24,2,10787,2659,425,2204,10,5489,477683,1
471,4,2018,3,114249,3498,117747,13899027,418183,14317210,1354,259,84,3,48,1,123,26,1,12279,4085,213,1828,41,6112,726088,1
376,4,2010,4,93719,,93719,8911492,,8911492,1384,205,69,4,29,1,103,8,2,8704,2756,296,1011,38,4603,96988,1
388,4,2011,4,96683,,96683,9223678,,9223678,1364,305,86,6,46,2,165,24,3,16456,4491,491,1901,53,9520,312186,1
400,4,2012,4,96061,,96061,9371046,,9371046,1324,161,54,4,25,1,78,9,1,7705,2712,231,859,26,3876,147368,1
412,4,2013,4,96712,,96712,9643071,,9643071,1157,240,61,6,50,1,122,7,2,11208,2600,525,1956,37,6090,272025,1
424,4,2014,4,98716,,98716,10564429,,10564429,1114,279,83,4,42,0,149,6,2,12728,3732,263,1564,9,7159,921358,1
436,4,2015,4,106012,1566,107578,12021031,174921,12195952,1237,215,64,6,42,0,103,7,3,10551,3263,423,1492,4,5368,1631523,1
448,4,2016,4,107047,2172,109219,12366059,240153,12606212,1254,222,60,5,49,1,107,11,2,10664,2881,427,1855,19,5482,410260,1
460,4,2017,4,111547,2975,114522,13121976,338689,13460665,1290,252,62,5,60,0,124,10,2,12684,3092,482,2438,3,6670,854453,1
472,4,2018,4,113030,3332,116362,13396982,384454,13781436,1327,280,89,3,51,1,136,14,2,14312,4677,243,1994,26,7371,320771,1
377,4,2010,5,96750,,96750,9080567,,9080567,1409,265,76,7,42,1,140,9,3,12806,3300,609,1664,23,7210,394742,1
389,4,2011,5,99288,,99288,9706504,,9706504,1388,309,89,9,45,1,164,12,3,16940,4208,862,2139,37,9694,625937,1
401,4,2012,5,98499,,98499,9750586,,9750586,1356,203,67,5,32,1,98,8,2,9733,3187,354,1222,34,4937,44082,1
413,4,2013,5,98584,,98584,10354673,,10354673,1176,239,67,7,46,1,118,5,3,11607,2871,599,1904,24,6209,604087,1
425,4,2014,5,100197,,100197,11027354,,11027354,1131,306,94,6,43,0,163,9,4,16110,4427,626,1943,12,9104,672681,1
437,4,2015,5,107039,1654,108693,12380510,185320,12565830,1252,252,77,9,42,0,124,11,5,13774,4034,817,1732,9,7182,1538476,1
449,4,2016,5,109593,2208,111801,12996806,252134,13248940,1277,228,61,7,49,1,111,7,5,11051,2817,646,1820,19,5750,683110,1
461,4,2017,5,112875,2827,115702,13381479,324511,13705990,1302,287,75,7,64,0,142,6,2,14257,3590,561,2672,10,7425,457050,1
473,4,2018,5,115644,3380,119024,14040465,391809,14432274,1359,301,93,6,55,1,146,17,3,16169,4796,476,2582,36,8279,726284,1
378,4,2010,6,96753,,96753,9562142,,9562142,1405,294,88,12,41,1,153,6,3,15375,3825,938,1926,17,8668,557033,1
390,4,2011,6,100180,,100180,9924612,,9924612,1397,261,74,8,37,1,141,8,3,13470,3407,622,1628,42,7770,362470,1
402,4,2012,6,98232,,98232,10097756,,10097756,1353,261,84,5,41,1,130,9,2,12883,3967,437,1631,27,6821,173144,1
414,4,2013,6,96921,,96921,10501237,,10501237,1146,302,85,10,53,1,153,9,4,16392,4310,844,2387,23,8827,403481,1
426,4,2014,6,101531,,101531,11506171,,11506171,1147,367,108,9,53,0,197,10,4,20594,5629,812,2384,13,11756,1004934,1
438,4,2015,6,108308,1730,110038,12694097,214405,12908502,1276,323,102,12,49,0,159,22,6,18300,5668,1079,2095,13,9446,1402331,1
450,4,2016,6,111163,2266,113429,13333765,290244,13624009,1291,308,89,9,57,1,153,17,5,17003,4744,793,2400,56,9010,715507,1
462,4,2017,6,114364,3233,117597,13873458,396820,14270278,1309,333,90,10,64,0,169,13,3,17771,4610,926,2728,28,9479,646269,1
474,4,2018,6,114987,3551,118538,14252320,464704,14717024,1348,283,90,7,51,1,133,15,4,15301,4654,537,2339,46,7725,446746,1
379,4,2010,7,98665,,98665,10001004,,10001004,1433,300,95,9,41,1,154,6,4,14913,4093,637,1847,44,8292,446005,1
391,4,2011,7,102030,,102030,10118492,,10118492,1422,219,61,9,36,0,113,8,4,12010,3002,683,1670,15,6640,117488,1
403,4,2012,7,101860,,101860,10440046,,10440046,1382,301,90,10,49,1,152,9,3,15633,4347,737,2081,30,8437,321554,1
415,4,2013,7,99794,,99794,10516679,,10516679,1180,271,78,9,52,1,132,9,3,13158,3503,628,2102,27,6898,76633,1
427,4,2014,7,104655,442,105097,11917562,47719,11965281,1226,361,112,10,51,0,187,12,3,20178,6116,827,2123,7,11105,1448602,1
439,4,2015,7,113184,1832,115016,13387625,240868,13628493,1322,335,102,9,54,0,170,10,5,18943,5694,666,2309,12,10262,1663212,1
451,4,2016,7,112228,2389,114617,13307476,322529,13630005,1324,342,104,12,57,0,168,39,6,21420,6461,1093,2716,17,11133,1512,1
463,4,2017,7,117416,3452,120868,14194967,455923,14650890,1372,331,91,12,63,0,164,10,4,16932,4453,915,2619,15,8930,1020885,1
475,4,2018,7,118350,3680,122030,14456159,505249,14961408,1413,331,105,9,63,1,152,25,4,18581,5524,753,3037,54,9214,310518,1
380,4,2010,8,97392,,97392,9504071,,9504071,1415,243,77,6,36,1,123,5,2,10848,3094,422,1449,22,5862,613147,1
392,4,2011,8,99228,,99228,9607433,,9607433,1394,210,58,8,34,1,109,18,3,11306,2771,620,1665,27,6223,103362,1
404,4,2012,8,97814,,97814,10108416,,10108416,1295,250,75,8,42,1,125,10,3,12935,3544,585,1787,30,6989,500983,1
416,4,2013,8,96283,,96283,9928806,,9928806,1123,286,86,6,48,1,146,5,2,13090,3568,482,1920,19,7102,-179610,2
428,4,2014,8,99206,530,99736,11134047,58578,11192625,1156,278,85,8,46,0,139,5,3,14331,4154,586,1809,16,7766,1263819,1
440,4,2015,8,107499,1318,108817,12435731,165262,12600993,1258,241,75,10,43,0,112,12,5,13740,4164,789,1923,12,6852,1408368,1
452,4,2016,8,110391,1874,112265,12690000,229768,12919768,1273,244,66,9,57,0,112,8,4,11965,3229,676,2181,34,5845,318775,1
464,4,2017,8,113076,2761,115837,13316907,339988,13656895,1351,361,99,9,71,0,181,39,3,18175,4876,767,2837,15,9680,737127,1
476,4,2018,8,113914,2958,116872,13593160,373424,13966584,1359,274,85,8,61,1,120,23,4,15148,4664,571,2872,30,7010,309689,1
381,4,2010,9,91143,,91143,8309821,,8309821,1326,182,52,4,37,0,89,7,1,7428,2029,234,1302,9,3854,359384,1
393,4,2011,9,92514,,92514,8751116,,8751116,1292,190,51,6,33,1,100,9,3,9567,2328,447,1368,29,5395,441295,1
405,4,2012,9,89679,,89679,8706901,,8706901,1168,151,41,5,31,1,73,4,1,7210,1803,363,1268,22,3755,-44215,2
417,4,2013,9,89563,,89563,8894868,,8894868,1046,240,70,5,41,1,123,7,2,10774,2842,438,1569,19,5906,187967,1
429,4,2014,9,93765,510,94275,10028082,40846,10068928,1101,203,60,5,42,0,96,13,3,10237,2846,391,1725,19,5256,1174060,1
441,4,2015,9,100390,1076,101466,11424637,111647,11536284,1170,137,43,5,30,0,59,4,2,6699,2181,343,1093,13,3068,1467356,1
453,4,2016,9,103890,1645,105535,12132315,170649,12302964,1196,167,46,5,40,0,76,4,2,7583,2162,314,1435,7,3666,766680,1
465,4,2017,9,102352,2027,104379,11730577,194527,11925104,1228,174,52,4,36,0,81,40,2,8408,2383,334,1430,6,4255,-377860,2
477,4,2018,9,106109,2543,108652,12231041,265385,12496426,1258,174,53,5,41,1,75,12,2,8926,2738,335,1780,67,4006,571322,1
382,4,2010,10,94483,,94483,9358790,,9358790,1373,302,94,4,45,1,157,5,2,13261,3819,349,1719,38,7335,582711,1
394,4,2011,10,96618,,96618,9522266,,9522266,1350,168,49,4,28,1,86,9,2,7816,2180,285,1066,21,4263,163476,1
406,4,2012,10,94449,,94449,9590443,,9590443,1247,195,59,4,38,1,93,22,2,8856,2586,276,1410,26,4558,68177,1
418,4,2013,10,94220,,94220,9764881,,9764881,1099,228,68,3,41,1,116,4,1,8994,2579,212,1352,16,4834,174438,1
430,4,2014,10,98651,585,99236,10953878,58677,11012555,1154,218,64,3,43,0,108,8,1,9954,2838,222,1599,3,5292,1247674,1
442,4,2015,10,104306,1383,105689,12373023,154322,12527345,1215,145,48,3,30,0,63,4,2,7178,2345,301,1155,3,3374,1514790,1
454,4,2016,10,107429,1686,109115,12821619,192548,13014167,1245,177,45,2,48,0,81,11,1,7486,2042,159,1690,3,3592,486822,1
466,4,2017,10,109710,2337,112047,13249770,251680,13501450,1282,188,59,1,40,1,88,8,1,8286,2853,73,1377,38,3946,487283,1
478,4,2018,10,114189,2627,116816,13766257,308342,14074599,1349,213,66,3,48,0,96,8,2,9959,3236,211,1749,24,4737,573149,1
383,4,2010,11,91159,,91159,8858830,,8858830,1324,268,89,3,37,1,138,4,2,10872,3513,209,1204,23,5923,603416,1
395,4,2011,11,90947,,90947,9070943,,9070943,1269,137,40,4,23,1,68,7,2,6137,1845,217,852,21,3201,212113,1
407,4,2012,11,89816,,89816,9163136,,9163136,1157,154,52,3,25,1,74,6,1,7641,2321,267,957,18,4077,92193,1
419,4,2013,11,89241,,89241,9282585,,9282585,1007,199,65,3,30,0,100,5,2,8695,2583,250,1140,15,4707,119449,1
431,4,2014,11,95105,1384,96489,10417562,133868,10551430,1112,203,61,3,38,0,101,7,1,9717,2949,227,1342,12,5187,1268845,1
443,4,2015,11,103214,2065,105279,11917933,223425,12141358,1210,188,59,4,37,0,87,11,2,8838,2942,319,1354,14,4209,1589928,1
455,4,2016,11,106840,2018,108858,12689307,231216,12920523,1229,167,45,3,42,1,76,3,2,7067,1997,222,1436,24,3389,779165,1
467,4,2017,11,108647,3043,111690,13253765,329377,13583142,1268,150,53,1,26,1,70,6,1,7181,2639,99,886,59,3497,662619,1
479,4,2018,11,111427,3298,114725,13627166,386053,14013219,1320,228,75,3,45,1,105,11,2,11087,3729,249,1725,28,5355,430077,1
384,4,2010,12,92495,,92495,8946340,,8946340,1364,420,135,9,52,3,221,25,4,20129,5812,571,2114,74,11558,591393,1
396,4,2011,12,93852,,93852,9062653,,9062653,1308,160,48,4,29,1,78,5,1,7151,2077,253,1082,20,3719,116313,1
408,4,2012,12,91382,,91382,9039620,,9039620,1185,291,91,6,45,2,147,16,3,14068,4090,501,1777,59,7641,-23033,2
420,4,2013,12,94221,,94221,10248472,,10248472,1066,441,137,5,62,2,235,9,2,20341,5916,365,2428,44,11588,1208852,1
432,4,2014,12,100173,1448,101621,11250167,160079,11410246,1173,323,101,5,53,1,165,10,2,16204,4820,341,2125,21,8896,1161774,1
444,4,2015,12,106071,2136,108207,12123894,247140,12371034,1250,276,87,6,45,1,137,19,3,14448,4251,563,1745,23,7866,960788,1
456,4,2016,12,109111,2654,111765,12547225,298023,12845248,1274,296,85,5,58,0,146,22,2,14826,4038,464,2292,13,8020,474214,1
468,4,2017,12,110122,3329,113451,12974166,370007,13344173,1291,256,83,3,46,1,124,12,2,12079,3939,239,1721,71,6109,498925,1
480,4,2018,12,112255,3533,115788,13205219,414310,13619529,1330,269,93,2,47,2,125,11,2,12871,4408,197,1782,68,6417,275356,1
