ID,Airline,ACode,NCode,Year,Month,DOM_Flights,INT_Flights,TOT_Flights,DOM_Passengers,INT_Passengers,TOT_Passengers
578,United Air Lines,UA,5,2017,2,39735,12089,51824,5254113,1743226,6997339
571,United Air Lines,UA,5,2016,7,47857,16342,64199,6767029,2785547,9552576
572,United Air Lines,UA,5,2016,8,49703,14750,64453,6788195,2501629,9289824
573,United Air Lines,UA,5,2016,9,46870,11865,58735,6337483,1981344,8318827
574,United Air Lines,UA,5,2016,10,49691,11893,61584,6790121,1936038,8726159
575,United Air Lines,UA,5,2016,11,46043,11545,57588,6297085,1836771,8133856
587,United Air Lines,UA,5,2017,11,48381,12489,60870,6803531,1927316,8730847
577,United Air Lines,UA,5,2017,1,42317,13837,56154,5577898,2106434,7684332
586,United Air Lines,UA,5,2017,10,51239,12640,63879,7100764,1938972,9039736
579,United Air Lines,UA,5,2017,3,47941,14528,62469,6712764,2209138,8921902
580,United Air Lines,UA,5,2017,4,45622,14107,59729,6478750,2221866,8700616
581,United Air Lines,UA,5,2017,5,49466,14302,63768,6914319,2224936,9139255
598,United Air Lines,UA,5,2018,10,55635,12494,68129,7660817,2057748,9718565
583,United Air Lines,UA,5,2017,7,53430,16850,70280,7680435,2869396,10549831
570,United Air Lines,UA,5,2016,6,46399,14880,61279,6592185,2495365,9087550
576,United Air Lines,UA,5,2016,12,45329,14090,59419,6232029,2212170,8444199
493,United Air Lines,UA,5,2010,1,27713,4541,32254,3256750,746340,4003090
511,United Air Lines,UA,5,2011,7,28530,5227,33757,3822906,999916,4822822
506,United Air Lines,UA,5,2011,2,23216,4242,27458,2809725,638719,3448444
505,United Air Lines,UA,5,2011,1,25702,4738,30440,3012378,770944,3783322
504,United Air Lines,UA,5,2010,12,27172,4597,31769,3326001,800610,4126611
503,United Air Lines,UA,5,2010,11,27263,4133,31396,3397281,709283,4106564
502,United Air Lines,UA,5,2010,10,29057,4535,33592,3754131,830069,4584200
501,United Air Lines,UA,5,2010,9,27980,4362,32342,3498724,836388,4335112
500,United Air Lines,UA,5,2010,8,30444,4866,35310,4030843,936221,4967064
499,United Air Lines,UA,5,2010,7,30224,4973,35197,4019575,952962,4972537
498,United Air Lines,UA,5,2010,6,29090,4692,33782,3924482,908091,4832573
497,United Air Lines,UA,5,2010,5,28740,4665,33405,3724578,859352,4583930
496,United Air Lines,UA,5,2010,4,28081,4237,32318,3594361,725217,4319578
508,United Air Lines,UA,5,2011,4,25052,5117,30169,3230000,828484,4058484
494,United Air Lines,UA,5,2010,2,24772,3912,28684,2998199,625452,3623651
510,United Air Lines,UA,5,2011,6,27382,4942,32324,3664079,932071,4596150
492,United Air Lines,UA,5,2009,12,28448,4318,32766,3473568,758154,4231722
491,United Air Lines,UA,5,2009,11,27613,4005,31618,3369503,670795,4040298
490,United Air Lines,UA,5,2009,10,30299,4391,34690,3805704,773793,4579497
489,United Air Lines,UA,5,2009,9,29685,4445,34130,3554837,790828,4345665
488,United Air Lines,UA,5,2009,8,33285,5158,38443,4289258,953737,5242995
487,United Air Lines,UA,5,2009,7,33582,5175,38757,4400040,943272,5343312
486,United Air Lines,UA,5,2009,6,32563,4918,37481,4213529,868922,5082451
485,United Air Lines,UA,5,2009,5,31517,4749,36266,3905735,772120,4677855
484,United Air Lines,UA,5,2009,4,30970,5035,36005,3834934,793987,4628921
483,United Air Lines,UA,5,2009,3,33946,4977,38923,4083279,789119,4872398
482,United Air Lines,UA,5,2009,2,29456,4376,33832,3260853,630223,3891076
481,United Air Lines,UA,5,2009,1,30875,4917,35792,3379371,756261,4135632
600,United Air Lines,UA,5,2018,12,51589,14276,65865,7051231,2340358,9391589
495,United Air Lines,UA,5,2010,3,29373,4632,34005,3781975,795355,4577330
525,United Air Lines,UA,5,2012,9,42756,11781,54537,5253311,1838359,7091670
539,United Air Lines,UA,5,2013,11,40550,11476,52026,5122924,1718822,6841746
538,United Air Lines,UA,5,2013,10,43239,11792,55031,5524693,1827429,7352122
537,United Air Lines,UA,5,2013,9,40645,11825,52470,5097214,1870468,6967682
536,United Air Lines,UA,5,2013,8,44455,14087,58542,5902085,2332039,8234124
535,United Air Lines,UA,5,2013,7,44467,14804,59271,5899822,2453930,8353752
534,United Air Lines,UA,5,2013,6,43326,14053,57379,5835043,2296608,8131651
533,United Air Lines,UA,5,2013,5,42916,13561,56477,5618696,2091661,7710357
532,United Air Lines,UA,5,2013,4,41144,13393,54537,5263228,1978337,7241565
531,United Air Lines,UA,5,2013,3,43624,13905,57529,5704496,2127732,7832228
530,United Air Lines,UA,5,2013,2,37435,11511,48946,4686091,1604832,6290923
529,United Air Lines,UA,5,2013,1,40335,12973,53308,4954097,1890855,6844952
528,United Air Lines,UA,5,2012,12,41814,12480,54294,5246744,1902127,7148871
507,United Air Lines,UA,5,2011,3,27359,5053,32412,3449670,811046,4260716
526,United Air Lines,UA,5,2012,10,42550,11489,54039,5510934,1749224,7260158
540,United Air Lines,UA,5,2013,12,41074,12548,53622,5505093,1971843,7476936
524,United Air Lines,UA,5,2012,8,47361,14224,61585,6284718,2276932,8561650
523,United Air Lines,UA,5,2012,7,47403,15160,62563,6326084,2439653,8765737
522,United Air Lines,UA,5,2012,6,46479,14148,60627,6185279,2257790,8443069
521,United Air Lines,UA,5,2012,5,45115,13843,58958,5908966,2087875,7996841
520,United Air Lines,UA,5,2012,4,44170,13675,57845,5757600,2034449,7792049
519,United Air Lines,UA,5,2012,3,46149,14525,60674,5952082,2119321,8071403
518,United Air Lines,UA,5,2012,2,40632,12589,53221,4919282,1676303,6595585
517,United Air Lines,UA,5,2012,1,41370,13434,54804,4984089,1901259,6885348
516,United Air Lines,UA,5,2011,12,23895,4688,28583,3047322,826777,3874099
515,United Air Lines,UA,5,2011,11,22893,4204,27097,2952856,737461,3690317
514,United Air Lines,UA,5,2011,10,25040,4672,29712,3269782,832614,4102396
513,United Air Lines,UA,5,2011,9,24571,4629,29200,3171710,857955,4029665
512,United Air Lines,UA,5,2011,8,28180,5051,33231,3715505,959619,4675124
527,United Air Lines,UA,5,2012,11,40882,11056,51938,5204739,1676868,6881607
584,United Air Lines,UA,5,2017,8,53531,14762,68293,7404363,2555410,9959773
543,United Air Lines,UA,5,2014,3,42232,14895,57127,5645416,2222298,7867714
545,United Air Lines,UA,5,2014,5,42239,14022,56261,5676534,2219737,7896271
546,United Air Lines,UA,5,2014,6,42596,15001,57597,5782418,2428981,8211399
544,United Air Lines,UA,5,2014,4,39498,13498,52996,5263789,2083668,7347457
548,United Air Lines,UA,5,2014,8,42721,14631,57352,5847897,2445936,8293833
556,United Air Lines,UA,5,2015,4,41165,14267,55432,5511339,2124217,7635556
550,United Air Lines,UA,5,2014,10,43231,11875,55106,5602825,1865164,7467989
551,United Air Lines,UA,5,2014,11,39686,12022,51708,5059175,1808770,6867945
552,United Air Lines,UA,5,2014,12,40276,13261,53537,5346056,2050286,7396342
553,United Air Lines,UA,5,2015,1,37607,12789,50396,4804539,1947047,6751586
554,United Air Lines,UA,5,2015,2,35454,11470,46924,4607021,1686887,6293908
555,United Air Lines,UA,5,2015,3,43230,14507,57737,5776714,2233207,8009921
547,United Air Lines,UA,5,2014,7,43775,15661,59436,5927391,2600920,8528311
585,United Air Lines,UA,5,2017,9,47547,12422,59969,6366060,2007345,8373405
599,United Air Lines,UA,5,2018,11,51388,12403,63791,7199379,2051315,9250694
509,United Air Lines,UA,5,2011,5,25809,5052,30861,3382600,894944,4277544
541,United Air Lines,UA,5,2014,1,37555,12807,50362,4786821,1906028,6692849
597,United Air Lines,UA,5,2018,9,52837,12025,64862,6958417,2000431,8958848
596,United Air Lines,UA,5,2018,8,57536,14903,72439,8124429,2605443,10729872
595,United Air Lines,UA,5,2018,7,57157,16212,73369,8359598,2872933,11232531
594,United Air Lines,UA,5,2018,6,55024,15145,70169,7953658,2640872,10594530
593,United Air Lines,UA,5,2018,5,52779,13567,66346,7416877,2222903,9639780
592,United Air Lines,UA,5,2018,4,49966,13722,63688,6997037,2174385,9171422
591,United Air Lines,UA,5,2018,3,48896,14670,63566,6908921,2373740,9282661
590,United Air Lines,UA,5,2018,2,41611,12058,53669,5500603,1818739,7319342
589,United Air Lines,UA,5,2018,1,44638,13513,58151,5765091,2099654,7864745
588,United Air Lines,UA,5,2017,12,49116,13972,63088,6732130,2212607,8944737
582,United Air Lines,UA,5,2017,6,51968,15580,67548,7409256,2586805,9996061
75,American Airlines,AA,1,2015,3,44655,12867,57522,5730340,1776793,7507133
61,American Airlines,AA,1,2014,1,43978,13427,57405,5222881,1881402,7104283
88,American Airlines,AA,1,2016,4,74412,16328,90740,9612141,2218028,11830169
87,American Airlines,AA,1,2016,3,78887,17062,95949,10231931,2403928,12635859
86,American Airlines,AA,1,2016,2,70596,14975,85571,8630105,1931654,10561759
85,American Airlines,AA,1,2016,1,73096,16163,89259,9044128,2237425,11281553
84,American Airlines,AA,1,2015,12,75602,17065,92667,9721932,2370064,12091996
83,American Airlines,AA,1,2015,11,73572,14795,88367,9500290,2020508,11520798
82,American Airlines,AA,1,2015,10,76790,14893,91683,10202478,2217380,12419858
81,American Airlines,AA,1,2015,9,73187,14636,87823,9394625,2153178,11547803
80,American Airlines,AA,1,2015,8,79263,17877,97140,10562351,2778911,13341262
79,American Airlines,AA,1,2015,7,81130,19027,100157,11012728,2955422,13968150
78,American Airlines,AA,1,2015,6,44042,13401,57443,5938232,1950817,7889049
91,American Airlines,AA,1,2016,7,80654,18349,99003,10707983,2855898,13563881
76,American Airlines,AA,1,2015,4,44663,12144,56807,5688230,1671021,7359251
93,American Airlines,AA,1,2016,9,72358,13707,86065,9213005,2007737,11220742
74,American Airlines,AA,1,2015,2,37396,11417,48813,4684026,1532258,6216284
73,American Airlines,AA,1,2015,1,43287,12960,56247,5140185,1807013,6947198
72,American Airlines,AA,1,2014,12,45150,13324,58474,5566235,1873600,7439835
71,American Airlines,AA,1,2014,11,42397,11996,54393,5099070,1591197,6690267
70,American Airlines,AA,1,2014,10,44856,11253,56109,5586600,1599344,7185944
69,American Airlines,AA,1,2014,9,43110,10995,54105,5163078,1549901,6712979
68,American Airlines,AA,1,2014,8,45957,13098,59055,5846685,1969771,7816456
67,American Airlines,AA,1,2014,7,47130,14057,61187,6137012,2106182,8243194
66,American Airlines,AA,1,2014,6,45663,13436,59099,5935921,1918545,7854466
65,American Airlines,AA,1,2014,5,44916,13085,58001,5767256,1820960,7588216
64,American Airlines,AA,1,2014,4,43630,12877,56507,5501405,1767296,7268701
63,American Airlines,AA,1,2014,3,45537,13526,59063,5741624,1807255,7548879
62,American Airlines,AA,1,2014,2,39248,11914,51162,4816811,1558364,6375175
77,American Airlines,AA,1,2015,5,44065,12673,56738,5704600,1777277,7481877
107,American Airlines,AA,1,2017,11,69689,14062,83751,9486559,2018610,11505169
1,American Airlines,AA,1,2009,1,46183,12066,58249,5046794,1646798,6693592
120,American Airlines,AA,1,2018,12,74942,16032,90974,9764388,2378953,12143341
119,American Airlines,AA,1,2018,11,74178,13765,87943,9888304,2042505,11930809
118,American Airlines,AA,1,2018,10,78497,14896,93393,10268808,2219703,12488511
117,American Airlines,AA,1,2018,9,73948,14136,88084,9004336,2088901,11093237
116,American Airlines,AA,1,2018,8,79351,17185,96536,10584430,2719275,13303705
115,American Airlines,AA,1,2018,7,79177,18423,97600,10882459,2938321,13820780
114,American Airlines,AA,1,2018,6,77266,17672,94938,10635376,2775993,13411369
113,American Airlines,AA,1,2018,5,77253,17133,94386,10356532,2549757,12906289
112,American Airlines,AA,1,2018,4,74118,16567,90685,9879265,2362254,12241519
111,American Airlines,AA,1,2018,3,75893,16863,92756,10422226,2442033,12864259
110,American Airlines,AA,1,2018,2,67711,14307,82018,8753570,1957329,10710899
89,American Airlines,AA,1,2016,5,78480,16373,94853,10283822,2330575,12614397
108,American Airlines,AA,1,2017,12,73581,16631,90212,9716423,2403612,12120035
90,American Airlines,AA,1,2016,6,79164,17298,96462,10576237,2570740,13146977
106,American Airlines,AA,1,2017,10,75559,15007,90566,10184330,2201837,12386167
105,American Airlines,AA,1,2017,9,68928,12778,81706,8844642,1941685,10786327
104,American Airlines,AA,1,2017,8,78553,17568,96121,10366917,2746344,13113261
103,American Airlines,AA,1,2017,7,78311,18891,97202,10476594,2971718,13448312
102,American Airlines,AA,1,2017,6,76142,17932,94074,10253686,2754153,13007839
101,American Airlines,AA,1,2017,5,77011,17295,94306,10136949,2545846,12682795
100,American Airlines,AA,1,2017,4,73099,16651,89750,9606283,2453381,12059664
99,American Airlines,AA,1,2017,3,77089,16526,93615,10234502,2298450,12532952
98,American Airlines,AA,1,2017,2,66463,14055,80518,8313772,1853828,10167600
97,American Airlines,AA,1,2017,1,72378,15749,88127,8850729,2200571,11051300
96,American Airlines,AA,1,2016,12,73393,16764,90157,9334761,2360973,11695734
95,American Airlines,AA,1,2016,11,71727,13751,85478,9228542,1941246,11169788
94,American Airlines,AA,1,2016,10,74458,14167,88625,9669243,2094834,11764077
109,American Airlines,AA,1,2018,1,72293,15612,87905,9031178,2233160,11264338
14,American Airlines,AA,1,2010,2,40142,10529,50671,4587189,1368464,5955653
29,American Airlines,AA,1,2011,5,43937,12071,56008,5620742,1738519,7359261
28,American Airlines,AA,1,2011,4,44236,11758,55994,5443337,1677494,7120831
27,American Airlines,AA,1,2011,3,46034,12423,58457,5672521,1749361,7421882
26,American Airlines,AA,1,2011,2,39189,11181,50370,4528400,1450789,5979189
25,American Airlines,AA,1,2011,1,44782,12562,57344,4984095,1721945,6706040
24,American Airlines,AA,1,2010,12,44697,12230,56927,5385462,1750643,7136105
23,American Airlines,AA,1,2010,11,43094,11233,54327,5271371,1597873,6869244
22,American Airlines,AA,1,2010,10,44396,11478,55874,5621810,1671953,7293763
21,American Airlines,AA,1,2010,9,43268,10957,54225,5120391,1570938,6691329
20,American Airlines,AA,1,2010,8,46122,12799,58921,5756912,1954418,7711330
19,American Airlines,AA,1,2010,7,46117,13282,59399,6019072,2044146,8063218
18,American Airlines,AA,1,2010,6,44173,12307,56480,5826063,1819741,7645804
17,American Airlines,AA,1,2010,5,44949,12299,57248,5668495,1706781,7375276
30,American Airlines,AA,1,2011,6,44959,12285,57244,5859655,1855489,7715144
8,American Airlines,AA,1,2009,8,47151,11727,58878,5873874,1845142,7719016
92,American Airlines,AA,1,2016,8,79138,16910,96048,10094479,2610334,12704813
2,American Airlines,AA,1,2009,2,42031,10654,52685,4817178,1394746,6211924
60,American Airlines,AA,1,2013,12,42876,13414,56290,5379304,1950554,7329858
4,American Airlines,AA,1,2009,4,45069,11499,56568,5598830,1638680,7237510
5,American Airlines,AA,1,2009,5,46198,11425,57623,5659385,1561968,7221353
16,American Airlines,AA,1,2010,4,44521,11532,56053,5556542,1589256,7145798
7,American Airlines,AA,1,2009,7,47268,12098,59366,6235789,1922721,8158510
15,American Airlines,AA,1,2010,3,46963,12095,59058,5826764,1676622,7503386
9,American Airlines,AA,1,2009,9,44007,10037,54044,5068030,1441869,6509899
10,American Airlines,AA,1,2009,10,45514,10497,56011,5582936,1537370,7120306
11,American Airlines,AA,1,2009,11,43619,10662,54281,5177516,1505763,6683279
12,American Airlines,AA,1,2009,12,45131,11927,57058,5392231,1678815,7071046
13,American Airlines,AA,1,2010,1,45545,11842,57387,5071320,1623904,6695224
3,American Airlines,AA,1,2009,3,46938,11892,58830,5788308,1634131,7422439
6,American Airlines,AA,1,2009,6,45168,11418,56586,5901624,1723349,7624973
57,American Airlines,AA,1,2013,9,42986,11159,54145,5004226,1634307,6638533
58,American Airlines,AA,1,2013,10,45244,11557,56801,5537823,1687648,7225471
56,American Airlines,AA,1,2013,8,46595,13539,60134,5717993,2068984,7786977
55,American Airlines,AA,1,2013,7,46654,13895,60549,5904915,2168377,8073292
54,American Airlines,AA,1,2013,6,44895,12973,57868,5766511,1953480,7719991
53,American Airlines,AA,1,2013,5,45433,12601,58034,5661503,1796344,7457847
52,American Airlines,AA,1,2013,4,43469,12082,55551,5349248,1686536,7035784
51,American Airlines,AA,1,2013,3,45332,13100,58432,5673163,1872393,7545556
50,American Airlines,AA,1,2013,2,40076,11567,51643,4822406,1537307,6359713
49,American Airlines,AA,1,2013,1,44107,12785,56892,5195596,1781780,6977376
48,American Airlines,AA,1,2012,12,44037,12988,57025,5377297,1828984,7206281
47,American Airlines,AA,1,2012,11,41689,11659,53348,5217765,1663385,6881150
46,American Airlines,AA,1,2012,10,42071,11399,53470,5307352,1638952,6946304
45,American Airlines,AA,1,2012,9,40677,10998,51675,4927838,1632458,6560296
44,American Airlines,AA,1,2012,8,44018,12313,56331,5670333,1962848,7633181
34,American Airlines,AA,1,2011,10,44337,11147,55484,5597937,1636251,7234188
43,American Airlines,AA,1,2012,7,44515,13115,57630,5862790,2118354,7981144
59,American Airlines,AA,1,2013,11,42619,11679,54298,5039567,1630630,6670197
33,American Airlines,AA,1,2011,9,43411,10737,54148,5277512,1573058,6850570
31,American Airlines,AA,1,2011,7,46435,13139,59574,6076925,2108152,8185077
35,American Airlines,AA,1,2011,11,41353,10891,52244,5237700,1571807,6809507
36,American Airlines,AA,1,2011,12,42745,12449,55194,5217199,1791107,7008306
37,American Airlines,AA,1,2012,1,43139,12567,55706,4997279,1772562,6769841
38,American Airlines,AA,1,2012,2,41446,11652,53098,4867812,1547404,6415216
39,American Airlines,AA,1,2012,3,45567,12451,58018,5799813,1805382,7605195
40,American Airlines,AA,1,2012,4,42425,11566,53991,5407854,1720613,7128467
41,American Airlines,AA,1,2012,5,45084,12039,57123,5810112,1752991,7563103
42,American Airlines,AA,1,2012,6,43178,12085,55263,5763314,1877300,7640614
32,American Airlines,AA,1,2011,8,45552,12327,57879,5717545,1928311,7645856
203,Delta Airlines,DL,2,2015,11,72350,9395,81745,9470271,1504002,10974273
198,Delta Airlines,DL,2,2015,6,77368,12580,89948,10447049,2209607,12656656
199,Delta Airlines,DL,2,2015,7,80943,13462,94405,10866964,2404101,13271065
200,Delta Airlines,DL,2,2015,8,81178,13450,94628,10643803,2413456,13057259
201,Delta Airlines,DL,2,2015,9,72242,10808,83050,9310805,1895470,11206275
202,Delta Airlines,DL,2,2015,10,75652,10098,85750,10186485,1754714,11941199
204,Delta Airlines,DL,2,2015,12,70846,10920,81766,9131393,1746754,10878147
205,Delta Airlines,DL,2,2016,1,68903,11834,80737,8471686,1839237,10310923
206,Delta Airlines,DL,2,2016,2,67661,10744,78405,8331767,1605056,9936823
207,Delta Airlines,DL,2,2016,3,78326,11733,90059,10207835,1913147,12120982
197,Delta Airlines,DL,2,2015,5,74937,11743,86680,10018605,1971017,11989622
209,Delta Airlines,DL,2,2016,5,80644,11884,92528,10702739,2019100,12721839
189,Delta Airlines,DL,2,2014,9,67122,10459,77581,8636445,1853791,10490236
210,Delta Airlines,DL,2,2016,6,81770,12641,94411,10801557,2295425,13096982
208,Delta Airlines,DL,2,2016,4,76677,11525,88202,9886117,1869972,11756089
196,Delta Airlines,DL,2,2015,4,72219,11181,83400,9537737,1787714,11325451
195,Delta Airlines,DL,2,2015,3,73836,11797,85633,9898585,1893216,11791801
194,Delta Airlines,DL,2,2015,2,59378,9983,69361,7621569,1491339,9112908
193,Delta Airlines,DL,2,2015,1,63957,11441,75398,7770744,1757052,9527796
192,Delta Airlines,DL,2,2014,12,66621,10575,77196,8550169,1720667,10270836
190,Delta Airlines,DL,2,2014,10,70812,9911,80723,9430367,1674994,11105361
188,Delta Airlines,DL,2,2014,8,72902,12746,85648,9875166,2309861,12185027
187,Delta Airlines,DL,2,2014,7,72875,12804,85679,10060931,2273125,12334056
186,Delta Airlines,DL,2,2014,6,69904,11942,81846,9604618,2137755,11742373
185,Delta Airlines,DL,2,2014,5,68221,10613,78834,9364067,1844025,11208092
184,Delta Airlines,DL,2,2014,4,65806,10012,75818,8961118,1688545,10649663
211,Delta Airlines,DL,2,2016,7,83844,13534,97378,10934957,2466034,13400991
227,Delta Airlines,DL,2,2017,11,74440,9763,84203,9968774,1577424,11546198
183,Delta Airlines,DL,2,2014,3,67085,11108,78193,9238646,1823047,11061693
191,Delta Airlines,DL,2,2014,11,67079,9173,76252,8555221,1452969,10008190
226,Delta Airlines,DL,2,2017,10,79605,11038,90643,10725324,1863210,12588534
150,Delta Airlines,DL,2,2011,6,63783,10520,74303,8476210,1918498,10394708
239,Delta Airlines,DL,2,2018,11,76362,9959,86321,10544475,1643676,12188151
238,Delta Airlines,DL,2,2018,10,82219,11267,93486,11070334,1943902,13014236
237,Delta Airlines,DL,2,2018,9,78175,11620,89795,10028453,2018433,12046886
236,Delta Airlines,DL,2,2018,8,88074,13812,101886,11932518,2553639,14486157
235,Delta Airlines,DL,2,2018,7,86766,14228,100994,11918888,2622703,14541591
234,Delta Airlines,DL,2,2018,6,83840,13481,97321,11433287,2474713,13908000
233,Delta Airlines,DL,2,2018,5,81914,12729,94643,11042700,2213437,13256137
232,Delta Airlines,DL,2,2018,4,78895,12102,90997,10458858,2065443,12524301
231,Delta Airlines,DL,2,2018,3,80645,12813,93458,10898772,2180508,13079280
230,Delta Airlines,DL,2,2018,2,66400,10979,77379,8572978,1690663,10263641
229,Delta Airlines,DL,2,2018,1,69959,12395,82354,8569504,1905480,10474984
225,Delta Airlines,DL,2,2017,9,74074,11305,85379,9416969,1966369,11383338
182,Delta Airlines,DL,2,2014,2,51726,9056,60782,6828755,1403976,8232731
212,Delta Airlines,DL,2,2016,8,82950,13175,96125,10332267,2349012,12681279
240,Delta Airlines,DL,2,2018,12,75133,11563,86696,10002045,1904834,11906879
224,Delta Airlines,DL,2,2017,8,84816,13687,98503,11309630,2501763,13811393
223,Delta Airlines,DL,2,2017,7,83843,14066,97909,11309402,2559200,13868602
222,Delta Airlines,DL,2,2017,6,81187,13265,94452,10968903,2415035,13383938
221,Delta Airlines,DL,2,2017,5,80904,12492,93396,10813517,2156252,12969769
220,Delta Airlines,DL,2,2017,4,74141,12094,86235,9684786,2061449,11746235
219,Delta Airlines,DL,2,2017,3,78839,12290,91129,10589367,2040175,12629542
218,Delta Airlines,DL,2,2017,2,65129,10496,75625,8243904,1611400,9855304
217,Delta Airlines,DL,2,2017,1,69354,12069,81423,8526218,1870711,10396929
216,Delta Airlines,DL,2,2016,12,71642,11509,83151,9373077,1838715,11211792
215,Delta Airlines,DL,2,2016,11,74194,9061,83255,9858408,1459191,11317599
214,Delta Airlines,DL,2,2016,10,78599,10312,88911,10384814,1741881,12126695
213,Delta Airlines,DL,2,2016,9,75632,10963,86595,9712323,1891703,11604026
228,Delta Airlines,DL,2,2017,12,70899,11730,82629,9178087,1869793,11047880
134,Delta Airlines,DL,2,2010,2,50092,8488,58580,5896921,1270381,7167302
149,Delta Airlines,DL,2,2011,5,62865,9475,72340,8211317,1625061,9836378
148,Delta Airlines,DL,2,2011,4,60131,9647,69778,7708165,1547821,9255986
147,Delta Airlines,DL,2,2011,3,62311,10527,72838,8038760,1606405,9645165
146,Delta Airlines,DL,2,2011,2,52259,8869,61128,6190982,1260350,7451332
145,Delta Airlines,DL,2,2011,1,55852,9433,65285,6353800,1465952,7819752
144,Delta Airlines,DL,2,2010,12,58350,8922,67272,7097273,1499834,8597107
143,Delta Airlines,DL,2,2010,11,59859,7999,67858,7336348,1334879,8671227
142,Delta Airlines,DL,2,2010,10,63029,8708,71737,7988508,1559000,9547508
141,Delta Airlines,DL,2,2010,9,61372,8654,70026,7325582,1590182,8915764
140,Delta Airlines,DL,2,2010,8,65066,10848,75914,8289570,2003618,10293188
139,Delta Airlines,DL,2,2010,7,64478,11484,75962,8570388,2117177,10687565
122,Delta Airlines,DL,2,2009,2,32459,5627,38086,4012582,724645,4737227
151,Delta Airlines,DL,2,2011,7,66539,11461,78000,8975080,2139018,11114098
135,Delta Airlines,DL,2,2010,3,59690,9838,69528,7697000,1629281,9326281
138,Delta Airlines,DL,2,2010,6,63222,10570,73792,8333586,1926162,10259748
133,Delta Airlines,DL,2,2010,1,56061,9321,65382,6269827,1432868,7702695
132,Delta Airlines,DL,2,2009,12,34582,6656,41238,4344754,1013678,5358432
131,Delta Airlines,DL,2,2009,11,35600,5489,41089,4455362,825580,5280942
130,Delta Airlines,DL,2,2009,10,36563,5725,42288,4795766,950889,5746655
129,Delta Airlines,DL,2,2009,9,34613,5894,40507,4380862,980636,5361498
128,Delta Airlines,DL,2,2009,8,37139,7333,44472,5060331,1245340,6305671
127,Delta Airlines,DL,2,2009,7,37119,7903,45022,5244681,1350256,6594937
126,Delta Airlines,DL,2,2009,6,35385,7354,42739,4881087,1205824,6086911
125,Delta Airlines,DL,2,2009,5,35284,6314,41598,4695195,964716,5659911
124,Delta Airlines,DL,2,2009,4,35136,6262,41398,4673010,958239,5631249
123,Delta Airlines,DL,2,2009,3,35907,6454,42361,4731914,939464,5671378
181,Delta Airlines,DL,2,2014,1,56300,9944,66244,7114603,1615474,8730077
152,Delta Airlines,DL,2,2011,8,65237,10709,75946,8560593,2019596,10580189
137,Delta Airlines,DL,2,2010,5,61027,9228,70255,7658466,1598470,9256936
175,Delta Airlines,DL,2,2013,7,69227,11927,81154,9285996,2208948,11494944
168,Delta Airlines,DL,2,2012,12,57389,8852,66241,7328012,1522781,8850793
169,Delta Airlines,DL,2,2013,1,57081,8683,65764,6945446,1436003,8381449
170,Delta Airlines,DL,2,2013,2,52443,8262,60705,6650536,1297777,7948313
171,Delta Airlines,DL,2,2013,3,63624,10018,73642,8595017,1715641,10310658
172,Delta Airlines,DL,2,2013,4,62354,9099,71453,8129300,1524946,9654246
167,Delta Airlines,DL,2,2012,11,60032,7657,67689,7885681,1315337,9201018
174,Delta Airlines,DL,2,2013,6,66266,10866,77132,8955829,2029562,10985391
178,Delta Airlines,DL,2,2013,10,65587,9294,74881,8495170,1619129,10114299
176,Delta Airlines,DL,2,2013,8,69479,11667,81146,9186387,2202558,11388945
177,Delta Airlines,DL,2,2013,9,62388,9669,72057,7856110,1750188,9606298
121,Delta Airlines,DL,2,2009,1,35727,6383,42110,4351463,908126,5259589
179,Delta Airlines,DL,2,2013,11,61500,8654,70154,7661415,1406959,9068374
136,Delta Airlines,DL,2,2010,4,59271,8602,67873,7488219,1416252,8904471
180,Delta Airlines,DL,2,2013,12,60717,9730,70447,8089402,1654873,9744275
173,Delta Airlines,DL,2,2013,5,64207,9717,73924,8521714,1715015,10236729
154,Delta Airlines,DL,2,2011,10,61212,8513,69725,7987349,1464681,9452030
166,Delta Airlines,DL,2,2012,10,62824,8417,71241,8365640,1510788,9876428
153,Delta Airlines,DL,2,2011,9,59226,8689,67915,7507319,1576267,9083586
155,Delta Airlines,DL,2,2011,11,58129,7452,65581,7534741,1231262,8766003
156,Delta Airlines,DL,2,2011,12,57426,8642,66068,7166636,1450399,8617035
157,Delta Airlines,DL,2,2012,1,55239,8871,64110,6544675,1408755,7953430
158,Delta Airlines,DL,2,2012,2,52037,8635,60672,6461946,1274507,7736453
159,Delta Airlines,DL,2,2012,3,60472,10356,70828,8227631,1681341,9908972
161,Delta Airlines,DL,2,2012,5,61301,9524,70825,8184512,1637348,9821860
162,Delta Airlines,DL,2,2012,6,63297,10560,73857,8731599,1939334,10670933
163,Delta Airlines,DL,2,2012,7,65771,11131,76902,9071103,2064843,11135946
164,Delta Airlines,DL,2,2012,8,66746,10697,77443,9018451,2014284,11032735
165,Delta Airlines,DL,2,2012,9,61144,8796,69940,7651409,1631015,9282424
160,Delta Airlines,DL,2,2012,4,59461,9173,68634,7968212,1518908,9487120
274,Jetblue Airways,B6,3,2011,10,17411,2384,19795,1904825,253874,2158699
282,Jetblue Airways,B6,3,2012,6,19079,3147,22226,2138056,348751,2486807
281,Jetblue Airways,B6,3,2012,5,18713,2941,21654,2061439,311021,2372460
280,Jetblue Airways,B6,3,2012,4,19135,3148,22283,2121516,352723,2474239
279,Jetblue Airways,B6,3,2012,3,19707,3151,22858,2219395,344264,2563659
278,Jetblue Airways,B6,3,2012,2,17349,2720,20069,1830931,289752,2120683
277,Jetblue Airways,B6,3,2012,1,17842,2842,20684,1863646,299674,2163320
271,Jetblue Airways,B6,3,2011,7,19501,3180,22681,2195724,379032,2574756
272,Jetblue Airways,B6,3,2011,8,18276,2903,21179,2063123,359149,2422272
275,Jetblue Airways,B6,3,2011,11,17636,2550,20186,1928157,269137,2197294
273,Jetblue Airways,B6,3,2011,9,16940,2456,19396,1759225,253830,2013055
283,Jetblue Airways,B6,3,2012,7,20719,3787,24506,2348297,440570,2788867
292,Jetblue Airways,B6,3,2013,4,19937,3417,23354,2163142,385299,2548441
276,Jetblue Airways,B6,3,2011,12,18908,3225,22133,2007341,326283,2333624
284,Jetblue Airways,B6,3,2012,8,20693,3753,24446,2350214,442553,2792767
285,Jetblue Airways,B6,3,2012,9,18152,2927,21079,1862866,295743,2158609
286,Jetblue Airways,B6,3,2012,10,17302,2676,19978,1921819,272640,2194459
287,Jetblue Airways,B6,3,2012,11,18630,3104,21734,2028019,310394,2338413
288,Jetblue Airways,B6,3,2012,12,19862,3592,23454,2124496,355590,2480086
289,Jetblue Airways,B6,3,2013,1,19292,3287,22579,2041023,342195,2383218
297,Jetblue Airways,B6,3,2013,9,18590,3104,21694,1869672,309334,2179006
291,Jetblue Airways,B6,3,2013,3,20748,3429,24177,2348755,393028,2741783
293,Jetblue Airways,B6,3,2013,5,20232,3219,23451,2204878,355089,2559967
294,Jetblue Airways,B6,3,2013,6,20587,3502,24089,2247822,386659,2634481
295,Jetblue Airways,B6,3,2013,7,22027,4312,26339,2442024,504325,2946349
296,Jetblue Airways,B6,3,2013,8,21999,4306,26305,2424528,500188,2924716
298,Jetblue Airways,B6,3,2013,10,19380,3102,22482,2021520,308731,2330251
270,Jetblue Airways,B6,3,2011,6,18205,2601,20806,1951745,286895,2238640
290,Jetblue Airways,B6,3,2013,2,17126,2993,20119,1851783,310614,2162397
255,Jetblue Airways,B6,3,2010,3,17268,2353,19621,1857652,256107,2113759
300,Jetblue Airways,B6,3,2013,12,20988,4224,25212,2253102,451312,2704414
301,Jetblue Airways,B6,3,2014,1,18190,3870,22060,1924406,415806,2340212
241,Jetblue Airways,B6,3,2009,1,16001,1451,17452,1512870,147109,1659979
243,Jetblue Airways,B6,3,2009,3,16884,1979,18863,1772633,198373,1971006
244,Jetblue Airways,B6,3,2009,4,16370,1966,18336,1747015,199694,1946709
245,Jetblue Airways,B6,3,2009,5,16168,1958,18126,1646075,178229,1824304
246,Jetblue Airways,B6,3,2009,6,16351,2072,18423,1708753,192823,1901576
247,Jetblue Airways,B6,3,2009,7,17160,2383,19543,1922565,258611,2181176
248,Jetblue Airways,B6,3,2009,8,17147,2409,19556,1919323,271441,2190764
249,Jetblue Airways,B6,3,2009,9,14483,1838,16321,1446836,173145,1619981
250,Jetblue Airways,B6,3,2009,10,14695,1750,16445,1551790,170422,1722212
251,Jetblue Airways,B6,3,2009,11,15357,1967,17324,1575934,191511,1767445
252,Jetblue Airways,B6,3,2009,12,16246,2192,18438,1735840,221176,1957016
242,Jetblue Airways,B6,3,2009,2,14997,1700,16697,1468858,167247,1636105
261,Jetblue Airways,B6,3,2010,9,15716,2089,17805,1639859,228337,1868196
268,Jetblue Airways,B6,3,2011,4,18106,2589,20695,1901180,283316,2184496
267,Jetblue Airways,B6,3,2011,3,18466,2522,20988,2025200,279672,2304872
266,Jetblue Airways,B6,3,2011,2,15259,2106,17365,1596782,220204,1816986
265,Jetblue Airways,B6,3,2011,1,16244,2260,18504,1666910,246521,1913431
264,Jetblue Airways,B6,3,2010,12,16654,2278,18932,1788497,250172,2038669
253,Jetblue Airways,B6,3,2010,1,16027,2183,18210,1536621,212671,1749292
262,Jetblue Airways,B6,3,2010,10,16483,2027,18510,1783521,221749,2005270
254,Jetblue Airways,B6,3,2010,2,14484,2052,16536,1436320,205392,1641712
260,Jetblue Airways,B6,3,2010,8,17651,2920,20571,1986949,352005,2338954
259,Jetblue Airways,B6,3,2010,7,17740,2942,20682,2002980,347006,2349986
258,Jetblue Airways,B6,3,2010,6,16320,2506,18826,1808994,280265,2089259
257,Jetblue Airways,B6,3,2010,5,16002,2409,18411,1729301,251827,1981128
256,Jetblue Airways,B6,3,2010,4,16786,2299,19085,1782058,251517,2033575
269,Jetblue Airways,B6,3,2011,5,17901,2390,20291,1923880,270895,2194775
263,Jetblue Airways,B6,3,2010,11,16718,1962,18680,1776516,212382,1988898
347,Jetblue Airways,B6,3,2017,11,23661,4663,28324,2636597,558141,3194738
333,Jetblue Airways,B6,3,2016,9,22322,4284,26606,2416554,501363,2917917
334,Jetblue Airways,B6,3,2016,10,22753,4242,26995,2532802,501919,3034721
335,Jetblue Airways,B6,3,2016,11,22967,4419,27386,2597905,521952,3119857
336,Jetblue Airways,B6,3,2016,12,24181,5588,29769,2714148,661789,3375937
337,Jetblue Airways,B6,3,2017,1,24189,5239,29428,2648950,637665,3286615
338,Jetblue Airways,B6,3,2017,2,21632,4631,26263,2383341,547698,2931039
339,Jetblue Airways,B6,3,2017,3,25012,5226,30238,2846297,632929,3479226
340,Jetblue Airways,B6,3,2017,4,24874,5173,30047,2808967,643831,3452798
341,Jetblue Airways,B6,3,2017,5,24944,5103,30047,2800053,600563,3400616
342,Jetblue Airways,B6,3,2017,6,24809,5468,30277,2790054,662442,3452496
343,Jetblue Airways,B6,3,2017,7,25934,6251,32185,2906813,826522,3733335
344,Jetblue Airways,B6,3,2017,8,25732,6137,31869,2883324,815173,3698497
332,Jetblue Airways,B6,3,2016,8,24488,5745,30233,2778076,725392,3503468
346,Jetblue Airways,B6,3,2017,10,24219,4578,28797,2645260,526501,3171761
359,Jetblue Airways,B6,3,2018,11,24460,5471,29931,2751673,636791,3388464
348,Jetblue Airways,B6,3,2017,12,25002,5709,30711,2762046,674548,3436594
349,Jetblue Airways,B6,3,2018,1,23518,5129,28647,2542390,619909,3162299
350,Jetblue Airways,B6,3,2018,2,22569,4764,27333,2512048,566352,3078400
351,Jetblue Airways,B6,3,2018,3,24941,5337,30278,2972928,682404,3655332
352,Jetblue Airways,B6,3,2018,4,25603,5368,30971,2951238,662202,3613440
353,Jetblue Airways,B6,3,2018,5,26279,5254,31533,2995190,652821,3648011
354,Jetblue Airways,B6,3,2018,6,25686,5723,31409,2964246,720026,3684272
355,Jetblue Airways,B6,3,2018,7,26147,6641,32788,3078555,872166,3950721
356,Jetblue Airways,B6,3,2018,8,26063,6608,32671,3045516,874552,3920068
357,Jetblue Airways,B6,3,2018,9,24241,5648,29889,2570632,635789,3206421
358,Jetblue Airways,B6,3,2018,10,24847,5419,30266,2773261,607337,3380598
360,Jetblue Airways,B6,3,2018,12,25359,6358,31717,2807627,735471,3543098
299,Jetblue Airways,B6,3,2013,11,19570,3256,22826,1970159,342352,2312511
345,Jetblue Airways,B6,3,2017,9,21987,4191,26178,2282646,492088,2774734
310,Jetblue Airways,B6,3,2014,10,20080,3775,23855,2187763,397748,2585511
302,Jetblue Airways,B6,3,2014,2,17576,3600,21176,1856355,373545,2229900
304,Jetblue Airways,B6,3,2014,4,20713,4016,24729,2244592,442573,2687165
305,Jetblue Airways,B6,3,2014,5,20791,4218,25009,2273622,461956,2735578
306,Jetblue Airways,B6,3,2014,6,20877,4437,25314,2265374,486289,2751663
307,Jetblue Airways,B6,3,2014,7,21992,5162,27154,2462573,625078,3087651
331,Jetblue Airways,B6,3,2016,7,24506,5636,30142,2812030,714540,3526570
309,Jetblue Airways,B6,3,2014,9,19071,3667,22738,1975628,380530,2356158
303,Jetblue Airways,B6,3,2014,3,21092,4020,25112,2309097,443279,2752376
311,Jetblue Airways,B6,3,2014,11,19935,4023,23958,2123703,420661,2544364
312,Jetblue Airways,B6,3,2014,12,21952,4878,26830,2326056,529367,2855423
313,Jetblue Airways,B6,3,2015,1,20572,4572,25144,2154498,501790,2656288
314,Jetblue Airways,B6,3,2015,2,18539,3839,22378,2014931,419677,2434608
315,Jetblue Airways,B6,3,2015,3,22253,4247,26500,2497416,499085,2996501
316,Jetblue Airways,B6,3,2015,4,21954,4296,26250,2425597,495760,2921357
326,Jetblue Airways,B6,3,2016,2,21301,4441,25742,2344496,514768,2859264
308,Jetblue Airways,B6,3,2014,8,22241,5216,27457,2499568,630550,3130118
317,Jetblue Airways,B6,3,2015,5,22434,4200,26634,2473838,483312,2957150
329,Jetblue Airways,B6,3,2016,5,24186,4698,28884,2700059,542469,3242528
327,Jetblue Airways,B6,3,2016,3,23775,4809,28584,2716571,589916,3306487
330,Jetblue Airways,B6,3,2016,6,23703,5035,28738,2685827,597715,3283542
325,Jetblue Airways,B6,3,2016,1,22175,4900,27075,2361374,582384,2943758
324,Jetblue Airways,B6,3,2015,12,23347,5222,28569,2544915,604335,3149250
323,Jetblue Airways,B6,3,2015,11,21622,4174,25796,2390905,486610,2877515
322,Jetblue Airways,B6,3,2015,10,21826,4082,25908,2407418,461284,2868702
321,Jetblue Airways,B6,3,2015,9,21086,3919,25005,2192625,440247,2632872
320,Jetblue Airways,B6,3,2015,8,23642,5326,28968,2607840,673900,3281740
319,Jetblue Airways,B6,3,2015,7,23870,5311,29181,2645339,672464,3317803
318,Jetblue Airways,B6,3,2015,6,22418,4466,26884,2452560,527709,2980269
328,Jetblue Airways,B6,3,2016,4,23066,4730,27796,2562863,564168,3127031
441,Southwest Airlines,WN,4,2015,9,100390,1076,101466,11424637,111647,11536284
436,Southwest Airlines,WN,4,2015,4,106012,1566,107578,12021031,174921,12195952
437,Southwest Airlines,WN,4,2015,5,107039,1654,108693,12380510,185320,12565830
438,Southwest Airlines,WN,4,2015,6,108308,1730,110038,12694097,214405,12908502
439,Southwest Airlines,WN,4,2015,7,113184,1832,115016,13387625,240868,13628493
440,Southwest Airlines,WN,4,2015,8,107499,1318,108817,12435731,165262,12600993
442,Southwest Airlines,WN,4,2015,10,104306,1383,105689,12373023,154322,12527345
443,Southwest Airlines,WN,4,2015,11,103214,2065,105279,11917933,223425,12141358
444,Southwest Airlines,WN,4,2015,12,106071,2136,108207,12123894,247140,12371034
445,Southwest Airlines,WN,4,2016,1,101623,2037,103660,10695153,228953,10924106
446,Southwest Airlines,WN,4,2016,2,95924,1900,97824,10378380,212516,10590896
447,Southwest Airlines,WN,4,2016,3,110884,2167,113051,12862493,250946,13113439
449,Southwest Airlines,WN,4,2016,5,109593,2208,111801,12996806,252134,13248940
448,Southwest Airlines,WN,4,2016,4,107047,2172,109219,12366059,240153,12606212
435,Southwest Airlines,WN,4,2015,3,107279,1484,108763,12354567,172407,12526974
434,Southwest Airlines,WN,4,2015,2,86840,1198,88038,9402954,132499,9535453
433,Southwest Airlines,WN,4,2015,1,98417,1354,99771,9891576,144812,10036388
432,Southwest Airlines,WN,4,2014,12,100173,1448,101621,11250167,160079,11410246
431,Southwest Airlines,WN,4,2014,11,95105,1384,96489,10417562,133868,10551430
430,Southwest Airlines,WN,4,2014,10,98651,585,99236,10953878,58677,11012555
429,Southwest Airlines,WN,4,2014,9,93765,510,94275,10028082,40846,10068928
428,Southwest Airlines,WN,4,2014,8,99206,530,99736,11134047,58578,11192625
427,Southwest Airlines,WN,4,2014,7,104655,442,105097,11917562,47719,11965281
426,Southwest Airlines,WN,4,2014,6,101531,,101531,11506171,,11506171
425,Southwest Airlines,WN,4,2014,5,100197,,100197,11027354,,11027354
424,Southwest Airlines,WN,4,2014,4,98716,,98716,10564429,,10564429
422,Southwest Airlines,WN,4,2014,2,82012,,82012,8382418,,8382418
467,Southwest Airlines,WN,4,2017,11,108647,3043,111690,13253765,329377,13583142
423,Southwest Airlines,WN,4,2014,3,100338,,100338,10944064,,10944064
466,Southwest Airlines,WN,4,2017,10,109710,2337,112047,13249770,251680,13501450
450,Southwest Airlines,WN,4,2016,6,111163,2266,113429,13333765,290244,13624009
421,Southwest Airlines,WN,4,2014,1,87334,,87334,8569049,,8569049
479,Southwest Airlines,WN,4,2018,11,111427,3298,114725,13627166,386053,14013219
478,Southwest Airlines,WN,4,2018,10,114189,2627,116816,13766257,308342,14074599
477,Southwest Airlines,WN,4,2018,9,106109,2543,108652,12231041,265385,12496426
476,Southwest Airlines,WN,4,2018,8,113914,2958,116872,13593160,373424,13966584
475,Southwest Airlines,WN,4,2018,7,118350,3680,122030,14456159,505249,14961408
474,Southwest Airlines,WN,4,2018,6,114987,3551,118538,14252320,464704,14717024
473,Southwest Airlines,WN,4,2018,5,115644,3380,119024,14040465,391809,14432274
472,Southwest Airlines,WN,4,2018,4,113030,3332,116362,13396982,384454,13781436
471,Southwest Airlines,WN,4,2018,3,114249,3498,117747,13899027,418183,14317210
470,Southwest Airlines,WN,4,2018,2,95101,2858,97959,10920661,306799,11227460
465,Southwest Airlines,WN,4,2017,9,102352,2027,104379,11730577,194527,11925104
468,Southwest Airlines,WN,4,2017,12,110122,3329,113451,12974166,370007,13344173
451,Southwest Airlines,WN,4,2016,7,112228,2389,114617,13307476,322529,13630005
480,Southwest Airlines,WN,4,2018,12,112255,3533,115788,13205219,414310,13619529
464,Southwest Airlines,WN,4,2017,8,113076,2761,115837,13316907,339988,13656895
463,Southwest Airlines,WN,4,2017,7,117416,3452,120868,14194967,455923,14650890
462,Southwest Airlines,WN,4,2017,6,114364,3233,117597,13873458,396820,14270278
461,Southwest Airlines,WN,4,2017,5,112875,2827,115702,13381479,324511,13705990
460,Southwest Airlines,WN,4,2017,4,111547,2975,114522,13121976,338689,13460665
459,Southwest Airlines,WN,4,2017,3,113188,3007,116195,13268282,322840,13591122
458,Southwest Airlines,WN,4,2017,2,94593,2563,97156,10406350,256495,10662845
457,Southwest Airlines,WN,4,2017,1,105683,2754,108437,11037315,287068,11324383
456,Southwest Airlines,WN,4,2016,12,109111,2654,111765,12547225,298023,12845248
455,Southwest Airlines,WN,4,2016,11,106840,2018,108858,12689307,231216,12920523
454,Southwest Airlines,WN,4,2016,10,107429,1686,109115,12821619,192548,13014167
453,Southwest Airlines,WN,4,2016,9,103890,1645,105535,12132315,170649,12302964
469,Southwest Airlines,WN,4,2018,1,107342,3167,110509,11656512,341918,11998430
373,Southwest Airlines,WN,4,2010,1,88406,,88406,7576013,,7576013
388,Southwest Airlines,WN,4,2011,4,96683,,96683,9223678,,9223678
387,Southwest Airlines,WN,4,2011,3,99328,,99328,9689544,,9689544
386,Southwest Airlines,WN,4,2011,2,82477,,82477,7602255,,7602255
385,Southwest Airlines,WN,4,2011,1,92018,,92018,8307319,,8307319
384,Southwest Airlines,WN,4,2010,12,92495,,92495,8946340,,8946340
383,Southwest Airlines,WN,4,2010,11,91159,,91159,8858830,,8858830
382,Southwest Airlines,WN,4,2010,10,94483,,94483,9358790,,9358790
381,Southwest Airlines,WN,4,2010,9,91143,,91143,8309821,,8309821
380,Southwest Airlines,WN,4,2010,8,97392,,97392,9504071,,9504071
379,Southwest Airlines,WN,4,2010,7,98665,,98665,10001004,,10001004
378,Southwest Airlines,WN,4,2010,6,96753,,96753,9562142,,9562142
377,Southwest Airlines,WN,4,2010,5,96750,,96750,9080567,,9080567
376,Southwest Airlines,WN,4,2010,4,93719,,93719,8911492,,8911492
389,Southwest Airlines,WN,4,2011,5,99288,,99288,9706504,,9706504
367,Southwest Airlines,WN,4,2009,7,98761,,98761,9554999,,9554999
452,Southwest Airlines,WN,4,2016,8,110391,1874,112265,12690000,229768,12919768
420,Southwest Airlines,WN,4,2013,12,94221,,94221,10248472,,10248472
361,Southwest Airlines,WN,4,2009,1,94606,,94606,6993566,,6993566
363,Southwest Airlines,WN,4,2009,3,98520,,98520,8988386,,8988386
364,Southwest Airlines,WN,4,2009,4,96457,,96457,8814504,,8814504
375,Southwest Airlines,WN,4,2010,3,94768,,94768,9155156,,9155156
366,Southwest Airlines,WN,4,2009,6,95843,,95843,9005109,,9005109
374,Southwest Airlines,WN,4,2010,2,78718,,78718,6963295,,6963295
368,Southwest Airlines,WN,4,2009,8,95405,,95405,8890924,,8890924
369,Southwest Airlines,WN,4,2009,9,89497,,89497,7950437,,7950437
370,Southwest Airlines,WN,4,2009,10,92670,,92670,8776079,,8776079
371,Southwest Airlines,WN,4,2009,11,89286,,89286,8255414,,8255414
372,Southwest Airlines,WN,4,2009,12,90784,,90784,8354947,,8354947
362,Southwest Airlines,WN,4,2009,2,86009,,86009,7068038,,7068038
365,Southwest Airlines,WN,4,2009,5,97273,,97273,8685825,,8685825
409,Southwest Airlines,WN,4,2013,1,88715,,88715,8047475,,8047475
390,Southwest Airlines,WN,4,2011,6,100180,,100180,9924612,,9924612
418,Southwest Airlines,WN,4,2013,10,94220,,94220,9764881,,9764881
416,Southwest Airlines,WN,4,2013,8,96283,,96283,9928806,,9928806
415,Southwest Airlines,WN,4,2013,7,99794,,99794,10516679,,10516679
414,Southwest Airlines,WN,4,2013,6,96921,,96921,10501237,,10501237
413,Southwest Airlines,WN,4,2013,5,98584,,98584,10354673,,10354673
412,Southwest Airlines,WN,4,2013,4,96712,,96712,9643071,,9643071
410,Southwest Airlines,WN,4,2013,2,81589,,81589,7891987,,7891987
417,Southwest Airlines,WN,4,2013,9,89563,,89563,8894868,,8894868
408,Southwest Airlines,WN,4,2012,12,91382,,91382,9039620,,9039620
407,Southwest Airlines,WN,4,2012,11,89816,,89816,9163136,,9163136
406,Southwest Airlines,WN,4,2012,10,94449,,94449,9590443,,9590443
405,Southwest Airlines,WN,4,2012,9,89679,,89679,8706901,,8706901
404,Southwest Airlines,WN,4,2012,8,97814,,97814,10108416,,10108416
395,Southwest Airlines,WN,4,2011,11,90947,,90947,9070943,,9070943
411,Southwest Airlines,WN,4,2013,3,98145,,98145,10248051,,10248051
403,Southwest Airlines,WN,4,2012,7,101860,,101860,10440046,,10440046
392,Southwest Airlines,WN,4,2011,8,99228,,99228,9607433,,9607433
394,Southwest Airlines,WN,4,2011,10,96618,,96618,9522266,,9522266
391,Southwest Airlines,WN,4,2011,7,102030,,102030,10118492,,10118492
396,Southwest Airlines,WN,4,2011,12,93852,,93852,9062653,,9062653
419,Southwest Airlines,WN,4,2013,11,89241,,89241,9282585,,9282585
397,Southwest Airlines,WN,4,2012,1,90085,,90085,8169963,,8169963
398,Southwest Airlines,WN,4,2012,2,86419,,86419,8050366,,8050366
399,Southwest Airlines,WN,4,2012,3,98151,,98151,9745795,,9745795
400,Southwest Airlines,WN,4,2012,4,96061,,96061,9371046,,9371046
401,Southwest Airlines,WN,4,2012,5,98499,,98499,9750586,,9750586
402,Southwest Airlines,WN,4,2012,6,98232,,98232,10097756,,10097756
393,Southwest Airlines,WN,4,2011,9,92514,,92514,8751116,,8751116
562,United Air Lines,UA,5,2015,10,45892,11731,57623,6329169,1896879,8226048
558,United Air Lines,UA,5,2015,6,45385,14663,60048,6231940,2428215,8660155
559,United Air Lines,UA,5,2015,7,46250,16216,62466,6451029,2706365,9157394
560,United Air Lines,UA,5,2015,8,45328,15194,60522,6273013,2546709,8819722
561,United Air Lines,UA,5,2015,9,41774,11744,53518,5655459,1911328,7566787
563,United Air Lines,UA,5,2015,11,42495,12053,54548,5740177,1869335,7609512
564,United Air Lines,UA,5,2015,12,42855,13886,56741,5813742,2153949,7967691
565,United Air Lines,UA,5,2016,1,38556,13177,51733,5055420,2019550,7074970
566,United Air Lines,UA,5,2016,2,38677,12400,51077,4973238,1781640,6754878
567,United Air Lines,UA,5,2016,3,43911,14625,58536,5923783,2241984,8165767
569,United Air Lines,UA,5,2016,5,45910,13833,59743,6293618,2175315,8468933
557,United Air Lines,UA,5,2015,5,44396,13941,58337,5984499,2208848,8193347
568,United Air Lines,UA,5,2016,4,42781,13299,56080,5729928,2022485,7752413
549,United Air Lines,UA,5,2014,9,39951,11666,51617,5164238,1899869,7064107
542,United Air Lines,UA,5,2014,2,35274,11676,46950,4565753,1671615,6237368
