Year,period,code,carrier,arr_flights,arr_del15,carrier_ct,weather_ct,nas_ct,security_ct,late_aircraft_ct,arr_cancelled,arr_diverted,arr_delay,carrier_delay,weather_delay,nas_delay,security_delay,late_aircraft_delay
2009,1,AA,American Airlines Inc.,612,127,36,13,45,0,34,21,2,7299,2257,799,1947,3,2292
2009,1,B6,JetBlue Airways,378,87,20,1,36,0,30,6,1,4759,1272,93,1630,7,1756
2009,1,DL,Delta Air Lines Inc.,388,80,17,2,42,0,20,6,1,3517,864,144,1496,2,1012
2009,1,UA,United Air Lines Inc.,394,73,19,2,28,0,24,9,1,4083,1143,129,1178,1,1632
2009,1,WN,Southwest Airlines Co.,1502,223,56,8,45,1,113,25,3,10075,2343,539,1650,26,5517
2009,2,AA,American Airlines Inc.,550,90,32,2,33,0,22,12,1,4930,1886,132,1498,1,1412
2009,2,B6,JetBlue Airways,351,63,15,0,27,0,21,2,1,3713,1003,17,1333,3,1356
2009,2,DL,Delta Air Lines Inc.,351,57,11,1,33,0,13,3,1,2578,610,93,1250,1,624
2009,2,UA,United Air Lines Inc.,374,61,14,1,25,0,22,6,0,3517,824,63,1125,0,1504
2009,2,WN,Southwest Airlines Co.,1351,148,39,4,31,0,73,9,1,6527,1621,245,1191,12,3458
2009,3,AA,American Airlines Inc.,613,122,40,4,46,0,33,14,2,7175,2593,256,2164,1,2162
2009,3,B6,JetBlue Airways,399,75,17,1,34,0,23,7,1,4640,1182,102,1773,2,1580
2009,3,DL,Delta Air Lines Inc.,404,93,18,3,45,0,27,12,1,4846,1118,223,1975,0,1530
2009,3,UA,United Air Lines Inc.,432,74,17,1,26,0,29,10,1,4387,1124,74,1187,1,2001
2009,3,WN,Southwest Airlines Co.,1529,228,60,7,39,1,122,15,3,11172,2503,577,1563,27,6500
2009,4,AA,American Airlines Inc.,585,138,38,5,53,0,41,9,2,9055,2507,404,2978,2,3164
2009,4,B6,JetBlue Airways,393,94,20,1,44,0,28,13,1,6301,1390,228,2630,3,2049
2009,4,DL,Delta Air Lines Inc.,414,91,20,2,45,0,24,4,2,5327,1362,268,2052,1,1644
2009,4,UA,United Air Lines Inc.,418,73,18,1,25,0,27,8,1,4569,1178,105,1271,0,2015
2009,4,WN,Southwest Airlines Co.,1490,226,60,6,40,1,119,9,3,11541,2592,506,1751,19,6674
2009,5,AA,American Airlines Inc.,639,130,37,5,52,0,35,9,3,7695,2338,411,2492,3,2450
2009,5,B6,JetBlue Airways,369,81,18,1,39,0,23,1,1,4816,1327,37,2038,3,1411
2009,5,DL,Delta Air Lines Inc.,414,91,16,2,50,0,23,2,1,3983,926,80,1856,0,1121
2009,5,UA,United Air Lines Inc.,430,79,18,2,30,0,29,5,1,4659,1131,149,1354,2,2022
2009,5,WN,Southwest Airlines Co.,1503,234,65,7,42,1,119,9,3,11079,2760,433,1748,29,6110
2009,6,AA,American Airlines Inc.,607,166,54,10,54,0,49,17,4,10837,3605,922,2777,4,3530
2009,6,B6,JetBlue Airways,367,101,22,2,47,0,30,4,1,7291,1782,181,3013,1,2315
2009,6,DL,Delta Air Lines Inc.,390,88,21,2,42,0,23,4,2,4951,1380,154,1975,1,1441
2009,6,UA,United Air Lines Inc.,452,113,24,3,41,0,45,9,2,7588,1598,282,2126,6,3577
2009,6,WN,Southwest Airlines Co.,1458,306,77,12,52,1,163,9,4,15988,3362,998,2356,41,9231
2009,7,AA,American Airlines Inc.,627,163,56,8,50,0,49,8,3,9834,3508,647,2278,4,3399
2009,7,B6,JetBlue Airways,388,96,25,1,41,0,29,7,1,7197,1985,108,2714,10,2381
2009,7,DL,Delta Air Lines Inc.,413,96,23,2,43,0,28,3,1,5799,1630,212,2052,2,1903
2009,7,UA,United Air Lines Inc.,478,89,22,2,28,0,37,8,1,5446,1431,113,1214,0,2687
2009,7,WN,Southwest Airlines Co.,1501,280,83,9,43,1,144,7,3,12448,3379,591,1721,24,6733
2009,8,AA,American Airlines Inc.,625,134,44,10,40,0,40,6,2,7647,2629,600,1782,13,2623
2009,8,B6,JetBlue Airways,386,86,25,1,34,0,27,5,1,5658,1740,73,1920,9,1916
2009,8,DL,Delta Air Lines Inc.,404,83,21,2,38,0,22,2,1,4283,1286,117,1618,0,1261
2009,8,UA,United Air Lines Inc.,467,85,21,2,27,0,36,7,1,5401,1454,134,1266,16,2530
2009,8,WN,Southwest Airlines Co.,1428,238,71,8,39,1,118,6,2,11893,3123,583,1780,34,6374
2009,9,AA,American Airlines Inc.,573,76,28,4,25,0,19,3,2,4292,1763,274,1021,1,1233
2009,9,B6,JetBlue Airways,315,35,19,0,14,0,2,0,0,1811,1144,6,561,1,99
2009,9,DL,Delta Air Lines Inc.,403,69,16,2,35,0,15,2,1,3817,1144,165,1476,2,1030
2009,9,UA,United Air Lines Inc.,427,47,13,1,15,0,18,4,1,2654,878,34,549,0,1194
2009,9,WN,Southwest Airlines Co.,1340,140,46,3,22,0,68,5,1,5736,1790,201,793,9,2943
2009,10,AA,American Airlines Inc.,609,141,41,4,53,0,42,4,2,7895,2492,251,2449,2,2701
2009,10,B6,JetBlue Airways,327,54,12,0,28,0,13,1,1,2711,674,27,1233,1,776
2009,10,DL,Delta Air Lines Inc.,426,85,18,2,45,0,20,2,1,4009,1107,94,1738,1,1070
2009,10,UA,United Air Lines Inc.,438,73,15,1,32,0,25,6,1,3876,934,38,1324,1,1580
2009,10,WN,Southwest Airlines Co.,1390,298,81,4,54,1,157,8,2,12545,3152,331,2014,22,7025
2009,11,AA,American Airlines Inc.,583,67,28,1,22,0,17,3,1,3478,1695,65,775,0,943
2009,11,B6,JetBlue Airways,342,36,10,0,15,0,11,0,1,1870,579,20,656,0,614
2009,11,DL,Delta Air Lines Inc.,407,48,11,0,25,0,11,3,0,2212,724,22,963,0,503
2009,11,UA,United Air Lines Inc.,402,27,9,0,8,0,9,3,0,1493,518,28,343,0,603
2009,11,WN,Southwest Airlines Co.,1318,99,36,2,15,0,45,6,1,4151,1408,124,601,4,2014
2009,12,AA,American Airlines Inc.,583,142,42,12,49,0,39,14,2,8597,2552,873,2439,12,2722
2009,12,B6,JetBlue Airways,373,111,32,1,38,0,39,12,1,6554,1950,135,1843,12,2613
2009,12,DL,Delta Air Lines Inc.,375,80,19,2,39,0,20,9,1,3991,1162,156,1545,5,1124
2009,12,UA,United Air Lines Inc.,393,77,17,3,30,0,27,11,1,4709,1055,255,1360,0,2039
2009,12,WN,Southwest Airlines Co.,1357,335,96,10,54,1,175,24,4,16447,4085,721,2339,50,9253
2010,1,AA,American Airlines Inc.,590,103,36,5,35,0,27,15,2,5341,2074,314,1354,30,1569
2010,1,B6,JetBlue Airways,361,86,24,1,30,0,31,5,1,5712,1614,73,1590,8,2427
2010,1,DL,Delta Air Lines Inc.,518,85,27,4,36,0,18,11,1,4826,1782,381,1501,5,1158
2010,1,UA,United Air Lines Inc.,375,55,13,1,22,0,18,6,1,3037,795,74,956,1,1211
2010,1,WN,Southwest Airlines Co.,1325,235,70,8,42,2,114,26,3,10836,2867,516,1697,42,5714
2010,2,AA,American Airlines Inc.,535,112,37,7,39,0,29,29,1,6388,2256,496,1784,3,1849
2010,2,B6,JetBlue Airways,340,90,27,3,30,1,30,19,1,5533,1518,347,1508,17,2144
2010,2,DL,Delta Air Lines Inc.,495,96,30,4,37,0,24,29,1,5418,1940,393,1471,8,1606
2010,2,UA,United Air Lines Inc.,348,51,12,1,19,0,18,20,1,2794,679,97,818,0,1200
2010,2,WN,Southwest Airlines Co.,1213,184,55,6,32,1,90,57,3,8693,2234,446,1377,24,4611
2010,3,AA,American Airlines Inc.,599,134,41,9,47,0,36,7,2,7783,2587,592,2177,3,2423
2010,3,B6,JetBlue Airways,394,98,32,0,34,0,32,11,1,6150,2088,29,1640,16,2376
2010,3,DL,Delta Air Lines Inc.,580,104,34,3,40,0,26,9,2,6010,2210,303,1650,3,1845
2010,3,UA,United Air Lines Inc.,396,57,13,1,21,0,22,6,1,3246,784,57,982,0,1423
2010,3,WN,Southwest Airlines Co.,1403,262,85,5,38,1,132,12,3,12071,3555,414,1510,36,6556
2010,4,AA,American Airlines Inc.,566,89,33,4,28,0,24,4,2,4945,2010,254,1181,3,1497
2010,4,B6,JetBlue Airways,374,52,17,1,17,0,17,2,1,2888,1046,100,725,5,1012
2010,4,DL,Delta Air Lines Inc.,539,80,27,2,32,0,18,3,1,4017,1628,141,1163,2,1083
2010,4,UA,United Air Lines Inc.,381,41,10,1,14,0,15,3,1,2318,626,61,633,14,983
2010,4,WN,Southwest Airlines Co.,1384,205,69,4,29,1,103,8,2,8704,2756,296,1011,38,4603
2010,5,AA,American Airlines Inc.,607,128,37,7,47,0,37,11,3,7704,2255,548,2365,3,2533
2010,5,B6,JetBlue Airways,350,56,17,1,23,0,14,4,1,3288,1095,78,1216,5,894
2010,5,DL,Delta Air Lines Inc.,558,128,39,4,53,0,32,6,2,7123,2354,387,2249,2,2131
2010,5,UA,United Air Lines Inc.,412,57,12,2,22,0,22,4,1,3762,858,154,1137,0,1613
2010,5,WN,Southwest Airlines Co.,1409,265,76,7,42,1,140,9,3,12806,3300,609,1664,23,7210
2010,6,AA,American Airlines Inc.,583,136,41,7,48,0,40,13,4,8119,2557,569,2248,2,2742
2010,6,B6,JetBlue Airways,356,63,20,1,22,0,19,3,1,3917,1371,94,1129,1,1322
2010,6,DL,Delta Air Lines Inc.,533,148,51,5,49,0,43,10,2,8325,3051,386,2120,2,2766
2010,6,UA,United Air Lines Inc.,413,77,17,2,27,0,32,6,2,5115,1096,173,1497,0,2350
2010,6,WN,Southwest Airlines Co.,1405,294,88,12,41,1,153,6,3,15375,3825,938,1926,17,8668
2010,7,AA,American Airlines Inc.,603,130,42,7,43,0,37,7,3,7265,2714,421,1779,2,2348
2010,7,B6,JetBlue Airways,387,93,33,1,28,0,30,2,1,5813,2102,133,1487,3,2090
2010,7,DL,Delta Air Lines Inc.,583,158,57,5,48,0,48,15,2,9497,3519,420,2259,5,3295
2010,7,UA,United Air Lines Inc.,428,66,16,3,20,0,27,5,2,4218,1078,178,980,0,1983
2010,7,WN,Southwest Airlines Co.,1433,300,95,9,41,1,154,6,4,14913,4093,637,1847,44,8292
2010,8,AA,American Airlines Inc.,602,109,40,5,33,0,31,5,2,6347,2696,326,1347,6,1972
2010,8,B6,JetBlue Airways,377,83,30,1,26,0,27,2,1,5086,1887,88,1302,6,1805
2010,8,DL,Delta Air Lines Inc.,568,118,40,2,42,0,35,9,1,6402,2324,217,1778,1,2081
2010,8,UA,United Air Lines Inc.,426,58,13,1,18,0,25,5,1,3424,842,86,894,0,1602
2010,8,WN,Southwest Airlines Co.,1415,243,77,6,36,1,123,5,2,10848,3094,422,1449,22,5862
2010,9,AA,American Airlines Inc.,564,87,27,6,30,0,23,4,2,4696,1706,321,1329,5,1335
2010,9,B6,JetBlue Airways,344,68,21,1,27,0,18,4,1,4279,1480,117,1427,2,1253
2010,9,DL,Delta Air Lines Inc.,519,90,27,1,39,0,23,5,1,4231,1483,93,1380,1,1273
2010,9,UA,United Air Lines Inc.,401,38,9,1,16,0,13,2,1,2070,564,55,710,4,737
2010,9,WN,Southwest Airlines Co.,1326,182,52,4,37,0,89,7,1,7428,2029,234,1302,9,3854
2010,10,AA,American Airlines Inc.,604,75,27,2,27,0,19,6,2,4081,1503,257,1172,3,1146
2010,10,B6,JetBlue Airways,368,83,26,0,34,0,22,2,1,4814,1720,38,1507,6,1544
2010,10,DL,Delta Air Lines Inc.,571,91,29,2,34,0,26,6,1,4956,1658,206,1491,1,1601
2010,10,UA,United Air Lines Inc.,429,41,9,1,17,0,14,2,0,2213,584,31,760,0,837
2010,10,WN,Southwest Airlines Co.,1373,302,94,4,45,1,157,5,2,13261,3819,349,1719,38,7335
2010,11,AA,American Airlines Inc.,576,82,27,3,31,0,21,2,1,4021,1553,185,1124,1,1158
2010,11,B6,JetBlue Airways,349,70,24,0,26,0,20,2,1,3425,1372,12,914,7,1120
2010,11,DL,Delta Air Lines Inc.,548,99,27,2,42,0,28,6,1,4828,1524,137,1520,0,1647
2010,11,UA,United Air Lines Inc.,379,31,7,0,14,0,10,1,0,1603,455,20,544,0,584
2010,11,WN,Southwest Airlines Co.,1324,268,89,3,37,1,138,4,2,10872,3513,209,1204,23,5923
2010,12,AA,American Airlines Inc.,585,98,32,6,34,0,25,14,2,5356,1875,355,1599,14,1512
2010,12,B6,JetBlue Airways,385,125,44,1,40,0,41,33,1,8280,3130,151,1950,10,3038
2010,12,DL,Delta Air Lines Inc.,530,132,41,4,47,0,40,25,1,7258,2410,343,2047,2,2457
2010,12,UA,United Air Lines Inc.,373,54,13,1,23,0,17,8,1,3075,757,86,1072,0,1159
2010,12,WN,Southwest Airlines Co.,1364,420,135,9,52,3,221,25,4,20129,5812,571,2114,74,11558
2011,1,AA,American Airlines Inc.,592,99,35,6,31,0,27,19,1,5213,1982,375,1269,1,1587
2011,1,B6,JetBlue Airways,364,107,36,1,33,0,36,20,1,6285,2214,82,1578,13,2399
2011,1,DL,Delta Air Lines Inc.,531,100,30,3,40,0,27,34,1,4921,1691,247,1399,1,1584
2011,1,UA,United Air Lines Inc.,359,47,10,2,21,0,14,8,1,2577,644,93,921,19,901
2011,1,WN,Southwest Airlines Co.,1353,323,103,6,44,2,167,21,3,13825,4144,357,1598,71,7655
2011,2,AA,American Airlines Inc.,536,119,35,10,40,0,33,35,1,6422,2048,666,1671,7,2031
2011,2,B6,JetBlue Airways,340,98,29,1,36,0,32,17,2,5703,1839,54,1648,7,2156
2011,2,DL,Delta Air Lines Inc.,494,89,25,3,37,0,24,16,1,4718,1611,225,1378,1,1504
2011,2,UA,United Air Lines Inc.,330,55,12,1,25,0,16,13,0,2945,775,117,992,0,1061
2011,2,WN,Southwest Airlines Co.,1236,272,75,5,46,1,145,42,3,12975,3370,354,1790,49,7413
2011,3,AA,American Airlines Inc.,599,102,37,2,35,0,28,11,2,5697,2284,181,1503,2,1727
2011,3,B6,JetBlue Airways,393,110,35,1,40,0,34,2,1,6871,2273,108,2029,5,2456
2011,3,DL,Delta Air Lines Inc.,549,113,31,2,46,0,34,4,1,5657,1819,174,1707,2,1955
2011,3,UA,United Air Lines Inc.,376,57,11,1,23,0,22,3,0,3248,703,58,1037,0,1449
2011,3,WN,Southwest Airlines Co.,1387,268,76,5,44,1,142,9,2,13493,3512,421,1766,32,7761
2011,4,AA,American Airlines Inc.,557,141,37,8,55,0,41,15,3,8600,2280,664,2689,1,2965
2011,4,B6,JetBlue Airways,387,117,34,1,47,0,35,4,2,7725,2313,177,2657,10,2569
2011,4,DL,Delta Air Lines Inc.,513,105,28,3,43,0,32,5,1,5543,1681,258,1718,3,1884
2011,4,UA,United Air Lines Inc.,346,62,12,1,27,0,23,4,1,3582,750,80,1231,1,1521
2011,4,WN,Southwest Airlines Co.,1364,305,86,6,46,2,165,24,3,16456,4491,491,1901,53,9520
2011,5,AA,American Airlines Inc.,591,138,41,10,46,0,40,33,5,9459,2675,1025,2499,2,3259
2011,5,B6,JetBlue Airways,359,83,22,1,36,0,24,2,1,4952,1348,69,1976,4,1555
2011,5,DL,Delta Air Lines Inc.,553,92,28,3,36,0,25,3,1,5114,1736,282,1550,5,1541
2011,5,UA,United Air Lines Inc.,377,75,16,2,31,0,27,5,1,4883,1042,193,1607,4,2037
2011,5,WN,Southwest Airlines Co.,1388,309,89,9,45,1,164,12,3,16940,4208,862,2139,37,9694
2011,6,AA,American Airlines Inc.,572,116,43,5,36,0,32,13,3,6817,2599,442,1589,6,2180
2011,6,B6,JetBlue Airways,366,93,29,2,32,0,30,3,1,6453,2157,204,1798,4,2289
2011,6,DL,Delta Air Lines Inc.,525,106,32,5,36,0,33,6,2,6410,2087,481,1729,2,2111
2011,6,UA,United Air Lines Inc.,396,93,23,2,30,0,38,7,1,6617,1704,181,1658,1,3074
2011,6,WN,Southwest Airlines Co.,1397,261,74,8,37,1,141,8,3,13470,3407,622,1628,42,7770
2011,7,AA,American Airlines Inc.,591,118,45,6,31,0,36,12,2,6888,2718,415,1418,1,2336
2011,7,B6,JetBlue Airways,391,98,32,2,32,0,32,2,1,6180,2202,172,1613,7,2186
2011,7,DL,Delta Air Lines Inc.,553,105,32,5,34,0,34,5,1,6490,2106,421,1665,2,2297
2011,7,UA,United Air Lines Inc.,404,97,23,2,28,0,44,10,1,6557,1585,191,1413,0,3368
2011,7,WN,Southwest Airlines Co.,1422,219,61,9,36,0,113,8,4,12010,3002,683,1670,15,6640
2011,8,AA,American Airlines Inc.,586,119,43,7,33,0,35,20,2,7105,2660,500,1576,6,2363
2011,8,B6,JetBlue Airways,390,121,36,3,37,0,45,27,2,9396,2692,408,2389,8,3899
2011,8,DL,Delta Air Lines Inc.,542,83,27,3,28,0,25,10,2,4942,1781,251,1292,1,1617
2011,8,UA,United Air Lines Inc.,410,80,20,2,27,0,31,10,1,4996,1275,216,1334,1,2170
2011,8,WN,Southwest Airlines Co.,1394,210,58,8,34,1,109,18,3,11306,2771,620,1665,27,6223
2011,9,AA,American Airlines Inc.,545,90,33,4,30,0,23,4,2,5075,2030,323,1238,2,1482
2011,9,B6,JetBlue Airways,339,74,21,1,31,0,21,1,1,4364,1362,56,1513,5,1428
2011,9,DL,Delta Air Lines Inc.,477,55,16,1,23,0,14,1,1,2777,1033,74,867,1,802
2011,9,UA,United Air Lines Inc.,363,62,14,1,29,0,17,2,0,3099,844,90,1139,0,1026
2011,9,WN,Southwest Airlines Co.,1292,190,51,6,33,1,100,9,3,9567,2328,447,1368,29,5395
2011,10,AA,American Airlines Inc.,577,92,34,3,33,0,24,3,2,4645,1954,191,1167,3,1330
2011,10,B6,JetBlue Airways,364,82,23,1,33,0,24,2,1,4843,1492,139,1576,8,1628
2011,10,DL,Delta Air Lines Inc.,519,52,17,1,22,0,13,2,1,2472,1019,49,726,2,677
2011,10,UA,United Air Lines Inc.,369,62,15,1,28,0,18,2,0,3085,882,59,1035,0,1108
2011,10,WN,Southwest Airlines Co.,1350,168,49,4,28,1,86,9,2,7816,2180,285,1066,21,4263
2011,11,AA,American Airlines Inc.,532,93,30,2,38,0,21,2,1,4559,1774,119,1450,0,1215
2011,11,B6,JetBlue Airways,374,51,17,0,19,0,15,0,1,2640,935,14,787,3,901
2011,11,DL,Delta Air Lines Inc.,480,52,16,1,22,0,13,1,1,2434,958,35,739,1,701
2011,11,UA,United Air Lines Inc.,333,54,13,0,24,0,17,2,1,2747,702,13,997,0,1035
2011,11,WN,Southwest Airlines Co.,1269,137,40,4,23,1,68,7,2,6137,1845,217,852,21,3201
2011,12,AA,American Airlines Inc.,529,88,33,4,29,0,22,3,1,4324,1957,179,993,0,1195
2011,12,B6,JetBlue Airways,386,60,22,0,19,0,19,1,1,3435,1224,28,905,5,1273
2011,12,DL,Delta Air Lines Inc.,471,53,17,1,21,0,15,1,1,2716,1056,53,770,1,837
2011,12,UA,United Air Lines Inc.,338,51,16,1,19,0,16,2,0,2683,932,57,698,0,996
2011,12,WN,Southwest Airlines Co.,1308,160,48,4,29,1,78,5,1,7151,2077,253,1082,20,3719
2012,1,AA,American Airlines Inc.,533,77,28,4,28,0,18,9,1,3886,1663,205,1023,5,991
2012,1,B6,JetBlue Airways,364,67,22,0,22,0,21,1,1,3564,1320,21,880,3,1341
2012,1,DL,Delta Air Lines Inc.,447,57,16,2,24,0,15,3,1,2928,1055,129,862,1,882
2012,1,UA,United Air Lines Inc.,497,82,23,2,35,0,21,6,1,4494,1332,228,1405,0,1528
2012,1,WN,Southwest Airlines Co.,1264,140,40,5,31,0,64,14,2,7039,1914,415,1279,11,3419
2012,2,AA,American Airlines Inc.,510,65,24,1,23,0,16,6,1,3285,1460,88,778,2,957
2012,2,B6,JetBlue Airways,354,54,19,0,19,0,16,0,0,2636,1066,5,696,3,866
2012,2,DL,Delta Air Lines Inc.,434,42,13,1,17,0,11,1,0,2142,920,64,538,3,617
2012,2,UA,United Air Lines Inc.,475,73,21,1,30,0,20,4,1,3549,1085,62,1120,6,1276
2012,2,WN,Southwest Airlines Co.,1195,118,37,3,23,1,54,12,1,5191,1714,180,789,13,2494
2012,3,AA,American Airlines Inc.,569,104,29,5,36,0,33,9,2,5951,1782,342,1428,3,2396
2012,3,B6,JetBlue Airways,403,78,27,0,25,0,25,1,0,4097,1647,25,897,3,1525
2012,3,DL,Delta Air Lines Inc.,488,68,21,1,26,0,20,1,1,3378,1312,97,847,1,1121
2012,3,UA,United Air Lines Inc.,538,117,39,2,43,0,33,3,1,5843,1940,117,1693,0,2093
2012,3,WN,Southwest Airlines Co.,1350,192,56,5,38,1,92,7,2,8935,2553,408,1390,17,4567
2012,4,AA,American Airlines Inc.,534,78,23,6,24,0,25,20,2,4842,1361,569,904,2,2007
2012,4,B6,JetBlue Airways,390,51,20,0,14,0,16,0,0,2666,1209,28,518,4,907
2012,4,DL,Delta Air Lines Inc.,483,42,15,0,16,0,12,1,1,2181,1040,33,472,1,635
2012,4,UA,United Air Lines Inc.,544,97,32,1,36,0,28,3,1,4774,1621,63,1299,10,1782
2012,4,WN,Southwest Airlines Co.,1324,161,54,4,25,1,78,9,1,7705,2712,231,859,26,3876
2012,5,AA,American Airlines Inc.,579,107,28,8,36,0,34,4,3,6925,1816,702,1651,3,2753
2012,5,B6,JetBlue Airways,353,59,18,1,22,0,17,0,1,3308,1079,96,1006,7,1120
2012,5,DL,Delta Air Lines Inc.,494,65,19,2,25,0,19,1,1,3465,1302,111,954,3,1096
2012,5,UA,United Air Lines Inc.,580,122,38,2,49,0,33,5,1,6900,2205,223,2068,8,2395
2012,5,WN,Southwest Airlines Co.,1356,203,67,5,32,1,98,8,2,9733,3187,354,1222,34,4937
2012,6,AA,American Airlines Inc.,544,99,32,7,31,0,30,8,3,6219,2034,619,1437,8,2121
2012,6,B6,JetBlue Airways,363,77,26,3,20,0,29,4,1,5668,1752,324,1190,17,2385
2012,6,DL,Delta Air Lines Inc.,498,69,23,2,23,0,21,2,2,4120,1609,173,997,1,1341
2012,6,UA,United Air Lines Inc.,577,161,56,3,48,0,55,9,2,9832,3276,219,2116,12,4209
2012,6,WN,Southwest Airlines Co.,1353,261,84,5,41,1,130,9,2,12883,3967,437,1631,27,6821
2012,7,AA,American Airlines Inc.,559,122,36,8,41,0,37,7,3,7529,2221,596,2071,2,2639
2012,7,B6,JetBlue Airways,393,93,27,3,29,0,33,3,1,6850,1905,400,1769,10,2765
2012,7,DL,Delta Air Lines Inc.,522,100,29,5,35,0,31,3,2,6600,2106,406,1859,2,2228
2012,7,UA,United Air Lines Inc.,624,207,69,6,57,0,75,14,2,14415,4349,491,3169,12,6394
2012,7,WN,Southwest Airlines Co.,1382,301,90,10,49,1,152,9,3,15633,4347,737,2081,30,8437
2012,8,AA,American Airlines Inc.,558,128,40,6,42,0,41,11,2,7488,2423,422,1743,13,2887
2012,8,B6,JetBlue Airways,391,99,31,3,28,0,37,2,1,7249,2213,293,1613,12,3118
2012,8,DL,Delta Air Lines Inc.,527,80,25,2,29,0,25,3,1,4900,1732,138,1368,1,1661
2012,8,UA,United Air Lines Inc.,612,159,59,3,43,1,54,10,1,9942,3439,213,2088,45,4157
2012,8,WN,Southwest Airlines Co.,1295,250,75,8,42,1,125,10,3,12935,3544,585,1787,30,6989
2012,9,AA,American Airlines Inc.,523,202,71,4,60,0,67,16,1,11697,4624,206,2225,8,4634
2012,9,B6,JetBlue Airways,342,58,17,1,22,0,18,0,1,3565,1084,60,1167,2,1251
2012,9,DL,Delta Air Lines Inc.,466,46,15,1,18,0,13,1,1,2573,1072,35,720,1,746
2012,9,UA,United Air Lines Inc.,563,97,32,1,39,0,25,3,1,5234,1741,90,1649,11,1743
2012,9,WN,Southwest Airlines Co.,1168,151,41,5,31,1,73,4,1,7210,1803,363,1268,22,3755
2012,10,AA,American Airlines Inc.,560,164,54,2,60,0,48,16,1,7902,2973,118,1996,2,2813
2012,10,B6,JetBlue Airways,357,67,21,1,25,0,20,26,1,3323,1241,35,928,9,1111
2012,10,DL,Delta Air Lines Inc.,507,63,19,1,24,0,19,10,1,2992,1222,57,773,1,939
2012,10,UA,United Air Lines Inc.,577,107,36,1,41,0,28,27,1,5817,1944,117,1680,13,2063
2012,10,WN,Southwest Airlines Co.,1247,195,59,4,38,1,93,22,2,8856,2586,276,1410,26,4558
2012,11,AA,American Airlines Inc.,538,104,40,1,31,0,32,4,1,5044,2104,65,1040,2,1833
2012,11,B6,JetBlue Airways,370,60,22,1,17,0,19,6,1,3510,1303,152,709,7,1339
2012,11,DL,Delta Air Lines Inc.,473,42,15,1,15,0,12,2,1,2167,1001,54,478,2,631
2012,11,UA,United Air Lines Inc.,530,69,27,0,22,0,19,8,0,3928,1588,36,916,6,1382
2012,11,WN,Southwest Airlines Co.,1157,154,52,3,25,1,74,6,1,7641,2321,267,957,18,4077
2012,12,AA,American Airlines Inc.,546,123,40,4,35,0,43,11,1,6830,2312,355,1470,3,2690
2012,12,B6,JetBlue Airways,390,114,37,1,34,0,42,1,1,7328,2443,73,1605,11,3197
2012,12,DL,Delta Air Lines Inc.,438,62,19,1,24,0,18,1,0,3310,1229,123,926,1,1030
2012,12,UA,United Air Lines Inc.,506,104,37,2,37,0,28,4,1,5859,2023,123,1567,4,2143
2012,12,WN,Southwest Airlines Co.,1185,291,91,6,45,2,147,16,3,14068,4090,501,1777,59,7641
2013,1,AA,American Airlines Inc.,547,101,32,4,31,0,34,11,1,5202,1792,281,1153,14,1963
2013,1,B6,JetBlue Airways,378,80,27,1,27,0,25,1,1,4347,1655,56,1066,7,1563
2013,1,DL,Delta Air Lines Inc.,437,52,17,2,21,0,11,2,1,3000,1196,246,819,2,737
2013,1,UA,United Air Lines Inc.,476,78,25,2,31,0,19,3,1,3978,1300,157,1174,3,1344
2013,1,WN,Southwest Airlines Co.,1143,164,52,3,37,1,71,7,1,6684,2166,231,1211,22,3053
2013,2,AA,American Airlines Inc.,497,94,28,5,28,0,33,10,1,4972,1628,274,1105,1,1963
2013,2,B6,JetBlue Airways,342,92,30,1,31,0,31,13,1,5164,1758,50,1291,5,2061
2013,2,DL,Delta Air Lines Inc.,413,52,17,2,21,0,13,4,0,2795,1267,124,746,1,658
2013,2,UA,United Air Lines Inc.,448,76,24,3,29,0,20,9,1,3947,1285,201,1090,2,1369
2013,2,WN,Southwest Airlines Co.,1066,143,43,4,31,0,64,20,2,5733,1759,255,1003,15,2701
2013,3,AA,American Airlines Inc.,556,95,28,4,29,0,34,5,1,5367,1631,278,1228,3,2227
2013,3,B6,JetBlue Airways,401,108,33,1,35,0,38,3,1,6845,2044,151,1686,18,2947
2013,3,DL,Delta Air Lines Inc.,477,67,24,2,24,0,17,4,1,3965,1626,320,958,1,1060
2013,3,UA,United Air Lines Inc.,544,96,32,2,34,0,28,8,1,5289,1719,153,1455,5,1958
2013,3,WN,Southwest Airlines Co.,1255,232,63,6,46,1,115,14,2,10706,2759,476,1729,25,5717
2013,4,AA,American Airlines Inc.,553,140,37,4,45,0,54,12,2,9359,2714,351,2318,1,3974
2013,4,B6,JetBlue Airways,378,103,29,1,38,0,35,3,1,6197,1766,88,1982,16,2346
2013,4,DL,Delta Air Lines Inc.,479,68,23,2,25,0,18,1,1,3974,1664,190,1112,2,1007
2013,4,UA,United Air Lines Inc.,518,117,33,2,48,0,33,6,1,7420,2024,235,2470,7,2685
2013,4,WN,Southwest Airlines Co.,1157,240,61,6,50,1,122,7,2,11208,2600,525,1956,37,6090
2013,5,AA,American Airlines Inc.,586,128,34,6,42,0,47,8,4,8319,2133,538,2137,3,3508
2013,5,B6,JetBlue Airways,355,68,19,1,27,0,20,1,1,4156,1130,109,1464,10,1443
2013,5,DL,Delta Air Lines Inc.,501,68,23,1,26,0,18,0,1,3833,1633,118,1008,1,1074
2013,5,UA,United Air Lines Inc.,544,105,30,2,45,0,29,4,1,6114,1678,167,2166,3,2100
2013,5,WN,Southwest Airlines Co.,1176,239,67,7,46,1,118,5,3,11607,2871,599,1904,24,6209
2013,6,AA,American Airlines Inc.,552,156,39,9,42,0,66,8,3,10533,2682,696,2160,4,4991
2013,6,B6,JetBlue Airways,362,106,27,2,37,0,39,3,1,7768,1871,193,2443,14,3247
2013,6,DL,Delta Air Lines Inc.,487,113,36,4,39,0,34,2,1,7551,2586,471,2154,4,2335
2013,6,UA,United Air Lines Inc.,538,146,43,4,50,0,50,7,2,10163,2682,372,2782,4,4323
2013,6,WN,Southwest Airlines Co.,1146,302,85,10,53,1,153,9,4,16392,4310,844,2387,23,8827
2013,7,AA,American Airlines Inc.,576,138,38,6,40,0,54,11,3,8045,2333,398,1810,1,3504
2013,7,B6,JetBlue Airways,389,135,37,3,40,1,55,4,1,9332,2436,252,2320,33,4291
2013,7,DL,Delta Air Lines Inc.,524,129,41,4,44,0,40,2,2,8647,3106,401,2357,1,2782
2013,7,UA,United Air Lines Inc.,582,144,41,4,53,0,47,8,2,9405,2496,306,2879,2,3722
2013,7,WN,Southwest Airlines Co.,1180,271,78,9,52,1,132,9,3,13158,3503,628,2102,27,6898
2013,8,AA,American Airlines Inc.,572,98,31,3,29,0,36,6,2,5516,1782,293,1193,4,2245
2013,8,B6,JetBlue Airways,386,104,30,1,32,1,40,1,1,6328,1959,74,1511,28,2756
2013,8,DL,Delta Air Lines Inc.,521,77,26,2,27,0,22,0,1,4208,1829,128,1037,1,1212
2013,8,UA,United Air Lines Inc.,577,115,35,3,39,0,36,3,2,6641,1958,231,1808,5,2638
2013,8,WN,Southwest Airlines Co.,1123,286,86,6,48,1,146,5,2,13090,3568,482,1920,19,7102
2013,9,AA,American Airlines Inc.,526,81,27,3,23,0,28,3,2,4830,1620,247,1011,1,1952
2013,9,B6,JetBlue Airways,326,53,17,1,19,0,17,1,1,3341,1078,83,930,16,1234
2013,9,DL,Delta Air Lines Inc.,461,44,16,1,17,0,10,0,1,2371,1093,52,654,1,570
2013,9,UA,United Air Lines Inc.,515,75,22,2,29,0,21,3,1,4827,1326,212,1571,3,1716
2013,9,WN,Southwest Airlines Co.,1046,240,70,5,41,1,123,7,2,10774,2842,438,1569,19,5906
2013,10,AA,American Airlines Inc.,572,97,30,2,30,0,35,1,1,4724,1700,106,973,0,1945
2013,10,B6,JetBlue Airways,340,44,13,0,19,0,11,0,0,2151,731,19,726,6,670
2013,10,DL,Delta Air Lines Inc.,496,42,16,0,16,0,10,0,0,2053,1081,31,484,4,453
2013,10,UA,United Air Lines Inc.,569,83,27,1,33,0,22,2,1,4344,1416,61,1338,4,1525
2013,10,WN,Southwest Airlines Co.,1099,228,68,3,41,1,116,4,1,8994,2579,212,1352,16,4834
2013,11,AA,American Airlines Inc.,540,88,28,2,26,0,32,9,1,4566,1631,111,886,46,1891
2013,11,B6,JetBlue Airways,356,52,17,0,20,0,14,1,1,2468,925,22,722,8,792
2013,11,DL,Delta Air Lines Inc.,468,54,18,1,20,0,15,0,0,2861,1274,92,685,41,769
2013,11,UA,United Air Lines Inc.,535,77,26,2,28,0,20,3,1,4204,1365,127,1137,42,1532
2013,11,WN,Southwest Airlines Co.,1007,199,65,3,30,0,100,5,2,8695,2583,250,1140,15,4707
2013,12,AA,American Airlines Inc.,544,124,35,9,35,0,45,36,1,6827,2082,621,1360,3,2762
2013,12,B6,JetBlue Airways,386,133,39,2,46,1,46,6,1,7399,2242,187,1975,24,2970
2013,12,DL,Delta Air Lines Inc.,446,89,29,4,32,0,24,2,1,4790,1967,338,1187,0,1297
2013,12,UA,United Air Lines Inc.,499,125,48,4,40,0,33,7,1,6734,2439,284,1633,0,2377
2013,12,WN,Southwest Airlines Co.,1066,441,137,5,62,2,235,9,2,20341,5916,365,2428,44,11588
2014,1,AA,American Airlines Inc.,540,112,35,9,28,0,39,19,1,6329,2138,608,1098,1,2485
2014,1,B6,JetBlue Airways,368,117,39,6,32,0,39,39,2,9711,3184,985,1565,16,3960
2014,1,DL,Delta Air Lines Inc.,441,108,35,10,30,0,32,22,1,7826,2787,1175,1574,1,2290
2014,1,UA,United Air Lines Inc.,484,116,43,8,33,0,31,23,1,7396,2627,685,1429,0,2655
2014,1,WN,Southwest Airlines Co.,1029,326,105,6,48,1,166,50,5,19604,5743,546,2267,28,11020
2014,2,AA,American Airlines Inc.,489,102,29,5,33,0,35,23,1,6086,1870,400,1508,1,2308
2014,2,B6,JetBlue Airways,330,97,29,2,32,0,33,18,2,5746,1773,220,1529,17,2208
2014,2,DL,Delta Air Lines Inc.,426,75,25,4,27,0,20,20,1,4300,1650,466,1068,2,1116
2014,2,UA,United Air Lines Inc.,455,119,42,5,41,0,32,17,1,7021,2326,380,1884,0,2432
2014,2,WN,Southwest Airlines Co.,950,249,73,5,42,0,128,30,2,11879,3371,350,1659,9,6490
2014,3,AA,American Airlines Inc.,551,100,30,3,33,0,33,10,1,5640,1844,254,1310,4,2227
2014,3,B6,JetBlue Airways,377,78,24,1,27,0,26,7,1,4017,1327,74,1106,6,1505
2014,3,DL,Delta Air Lines Inc.,512,79,27,2,27,0,23,1,1,4030,1743,183,948,1,1155
2014,3,UA,United Air Lines Inc.,545,106,39,3,34,0,30,6,1,5813,2027,177,1419,0,2189
2014,3,WN,Southwest Airlines Co.,1139,302,92,3,47,0,160,13,1,13795,4056,275,1685,9,7769
2014,4,AA,American Airlines Inc.,552,94,27,3,34,0,30,2,2,5415,1791,211,1350,2,2061
2014,4,B6,JetBlue Airways,368,77,20,1,31,0,24,5,1,4337,1165,74,1538,9,1552
2014,4,DL,Delta Air Lines Inc.,509,74,23,2,27,0,21,0,1,3815,1555,186,976,1,1098
2014,4,UA,United Air Lines Inc.,520,91,27,2,38,0,24,2,1,4745,1400,103,1607,0,1635
2014,4,WN,Southwest Airlines Co.,1114,279,83,4,42,0,149,6,2,12728,3732,263,1564,9,7159
2014,5,AA,American Airlines Inc.,557,113,34,6,35,0,38,13,3,7146,2047,697,1741,3,2659
2014,5,B6,JetBlue Airways,353,70,21,1,25,0,23,9,2,4174,1223,111,1281,12,1547
2014,5,DL,Delta Air Lines Inc.,512,78,26,2,29,0,21,1,1,4376,1736,174,1278,11,1175
2014,5,UA,United Air Lines Inc.,558,122,36,4,47,0,35,7,3,7821,2058,296,2527,0,2940
2014,5,WN,Southwest Airlines Co.,1131,306,94,6,43,0,163,9,4,16110,4427,626,1943,12,9104
2014,6,AA,American Airlines Inc.,546,168,41,10,52,0,66,6,3,11031,2802,814,2454,3,4958
2014,6,B6,JetBlue Airways,348,71,21,2,26,0,22,7,1,4061,1173,175,1281,7,1426
2014,6,DL,Delta Air Lines Inc.,505,96,29,5,34,0,28,0,1,5485,1942,310,1577,1,1655
2014,6,UA,United Air Lines Inc.,564,159,49,6,54,0,50,8,2,9901,2817,527,2643,0,3914
2014,6,WN,Southwest Airlines Co.,1147,367,108,9,53,0,197,10,4,20594,5629,812,2384,13,11756
2014,7,AA,American Airlines Inc.,565,147,40,6,45,0,55,7,3,8772,2552,542,1970,4,3704
2014,7,B6,JetBlue Airways,370,114,31,4,38,0,42,11,1,7893,1929,456,2357,16,3136
2014,7,DL,Delta Air Lines Inc.,531,70,25,3,24,0,18,1,1,4330,1703,287,1174,1,1166
2014,7,UA,United Air Lines Inc.,595,139,44,6,43,0,46,8,2,8680,2519,474,2160,1,3526
2014,7,WN,Southwest Airlines Co.,1226,361,112,10,51,0,187,12,3,20178,6116,827,2123,7,11105
2014,8,AA,American Airlines Inc.,550,139,40,7,42,0,50,6,3,8544,2544,654,1818,2,3525
2014,8,B6,JetBlue Airways,366,80,24,2,27,1,27,2,1,4032,1283,132,1074,25,1518
2014,8,DL,Delta Air Lines Inc.,521,76,25,4,26,0,20,2,1,4812,1872,416,1201,2,1320
2014,8,UA,United Air Lines Inc.,587,129,41,5,43,0,41,6,2,7568,2213,357,1959,0,3039
2014,8,WN,Southwest Airlines Co.,1156,278,85,8,46,0,139,5,3,14331,4154,586,1809,16,7766
2014,9,AA,American Airlines Inc.,515,93,29,1,34,0,28,3,1,5020,1791,72,1371,7,1779
2014,9,B6,JetBlue Airways,313,42,11,1,20,0,10,1,1,2035,587,55,803,6,584
2014,9,DL,Delta Air Lines Inc.,466,65,19,2,27,0,17,1,1,3212,1233,135,1000,3,842
2014,9,UA,United Air Lines Inc.,544,98,29,3,40,0,26,6,1,5561,1526,183,1880,1,1971
2014,9,WN,Southwest Airlines Co.,1101,203,60,5,42,0,96,13,3,10237,2846,391,1725,19,5256
2014,10,AA,American Airlines Inc.,544,124,33,4,46,0,41,5,1,7517,2071,318,2256,13,2859
2014,10,B6,JetBlue Airways,341,54,14,1,24,0,14,1,1,2809,723,78,1159,6,842
2014,10,DL,Delta Air Lines Inc.,501,66,19,1,26,0,18,0,0,3183,1168,90,973,1,950
2014,10,UA,United Air Lines Inc.,602,131,43,2,50,0,37,4,1,7211,2164,163,2287,0,2596
2014,10,WN,Southwest Airlines Co.,1154,218,64,3,43,0,108,8,1,9954,2838,222,1599,3,5292
2014,11,AA,American Airlines Inc.,532,111,33,4,32,0,42,3,1,6405,2141,252,1213,5,2794
2014,11,B6,JetBlue Airways,352,63,17,1,28,0,17,3,1,3189,903,77,1138,6,1066
2014,11,DL,Delta Air Lines Inc.,472,63,19,2,26,0,16,0,0,3217,1241,146,948,3,879
2014,11,UA,United Air Lines Inc.,561,104,38,4,32,0,30,4,1,5900,1958,242,1478,0,2223
2014,11,WN,Southwest Airlines Co.,1112,203,61,3,38,0,101,7,1,9717,2949,227,1342,12,5187
2014,12,AA,American Airlines Inc.,534,137,42,1,42,0,52,4,1,7787,2804,83,1529,6,3365
2014,12,B6,JetBlue Airways,385,72,22,0,28,0,21,2,1,3593,1122,20,1202,15,1235
2014,12,DL,Delta Air Lines Inc.,459,50,17,2,20,0,12,0,0,2599,1169,123,720,0,588
2014,12,UA,United Air Lines Inc.,539,144,53,2,49,0,39,4,1,8103,2607,119,2524,1,2852
2014,12,WN,Southwest Airlines Co.,1173,323,101,5,53,1,165,10,2,16204,4820,341,2125,21,8896
2015,1,AA,American Airlines Inc.,544,118,38,4,34,0,41,11,1,6858,2515,306,1240,8,2788
2015,1,B6,JetBlue Airways,379,87,25,2,32,0,28,19,1,4846,1341,165,1417,20,1902
2015,1,DL,Delta Air Lines Inc.,444,56,18,3,21,0,14,5,0,3169,1224,285,825,4,830
2015,1,UA,United Air Lines Inc.,499,109,43,6,32,0,28,13,1,6337,2254,430,1481,0,2172
2015,1,WN,Southwest Airlines Co.,1163,220,69,4,41,0,105,21,3,10574,3230,326,1520,10,5487
2015,2,AA,American Airlines Inc.,498,99,30,7,36,0,27,32,1,6271,2080,641,1551,6,1993
2015,2,B6,JetBlue Airways,347,115,34,3,37,0,41,23,1,7430,2208,364,1799,19,3040
2015,2,DL,Delta Air Lines Inc.,417,79,25,7,25,0,23,12,1,5143,1746,715,1161,1,1520
2015,2,UA,United Air Lines Inc.,483,113,42,8,34,0,29,13,1,6292,2176,495,1581,0,2039
2015,2,WN,Southwest Airlines Co.,1049,193,60,5,40,0,89,40,2,9344,2928,387,1505,4,4519
2015,3,AA,American Airlines Inc.,561,119,42,2,35,0,39,17,1,6951,2706,225,1327,5,2688
2015,3,B6,JetBlue Airways,396,103,32,1,34,0,35,8,2,6855,1918,178,2001,8,2751
2015,3,DL,Delta Air Lines Inc.,519,79,27,3,27,0,23,4,1,4663,1794,376,1173,1,1318
2015,3,UA,United Air Lines Inc.,581,117,45,5,34,0,34,9,1,7020,2347,417,1664,0,2592
2015,3,WN,Southwest Airlines Co.,1270,226,74,4,40,0,107,25,3,11465,3851,327,1485,21,5780
2015,4,AA,American Airlines Inc.,560,109,33,7,36,0,33,4,3,7021,2129,584,1591,5,2712
2015,4,B6,JetBlue Airways,380,71,21,1,25,0,23,2,1,4244,1238,93,1298,6,1609
2015,4,DL,Delta Air Lines Inc.,505,64,21,3,23,0,17,1,1,3731,1430,252,983,2,1065
2015,4,UA,United Air Lines Inc.,530,103,39,3,29,0,33,5,1,6330,2149,226,1441,0,2513
2015,4,WN,Southwest Airlines Co.,1237,215,64,6,42,0,103,7,3,10551,3263,423,1492,4,5368
2015,5,AA,American Airlines Inc.,588,113,33,8,36,0,36,12,3,7553,2371,814,1594,6,2768
2015,5,B6,JetBlue Airways,364,54,17,1,19,0,16,3,1,3397,1028,126,1122,9,1113
2015,5,DL,Delta Air Lines Inc.,506,63,21,3,21,0,18,1,1,4286,1549,341,1102,2,1293
2015,5,UA,United Air Lines Inc.,600,133,45,6,40,0,42,5,3,8231,2380,511,1958,5,3376
2015,5,WN,Southwest Airlines Co.,1252,252,77,9,42,0,124,11,5,13774,4034,817,1732,9,7182
2015,6,AA,American Airlines Inc.,569,126,39,6,37,0,44,7,3,8539,2854,466,1750,8,3460
2015,6,B6,JetBlue Airways,358,73,20,2,27,0,24,4,1,4831,1200,169,1636,6,1820
2015,6,DL,Delta Air Lines Inc.,512,88,27,5,29,0,27,2,2,5772,1895,537,1498,3,1839
2015,6,UA,United Air Lines Inc.,583,179,63,7,44,0,65,14,3,12517,3882,542,2505,0,5588
2015,6,WN,Southwest Airlines Co.,1276,323,102,12,49,0,159,22,6,18300,5668,1079,2095,13,9446
2015,7,AA,American Airlines Inc.,947,180,57,6,56,0,60,7,3,10499,3493,433,2389,19,4166
2015,7,B6,JetBlue Airways,381,85,25,2,27,0,31,4,1,5007,1420,147,1382,8,2050
2015,7,DL,Delta Air Lines Inc.,557,85,26,5,29,0,26,1,2,4978,1796,304,1270,3,1604
2015,7,UA,United Air Lines Inc.,588,148,55,4,35,0,54,6,2,9950,3394,305,1794,0,4457
2015,7,WN,Southwest Airlines Co.,1322,335,102,9,54,0,170,10,5,18943,5694,666,2309,12,10262
2015,8,AA,American Airlines Inc.,938,170,57,7,52,1,53,9,3,10151,3761,506,2341,30,3513
2015,8,B6,JetBlue Airways,378,93,28,3,26,1,35,4,1,5939,1724,277,1357,63,2518
2015,8,DL,Delta Air Lines Inc.,554,79,25,5,25,0,24,0,1,4729,1733,359,1154,2,1480
2015,8,UA,United Air Lines Inc.,568,114,41,5,30,0,38,4,2,7211,2317,354,1592,9,2940
2015,8,WN,Southwest Airlines Co.,1258,241,75,10,43,0,112,12,5,13740,4164,789,1923,12,6852
2015,9,AA,American Airlines Inc.,834,114,40,4,40,0,31,4,2,6310,2490,298,1505,14,2003
2015,9,B6,JetBlue Airways,335,65,20,2,23,0,20,1,1,3569,1093,129,1092,7,1249
2015,9,DL,Delta Air Lines Inc.,494,46,16,2,17,0,11,0,1,2571,1116,162,650,1,641
2015,9,UA,United Air Lines Inc.,503,67,24,2,22,0,19,1,1,4015,1384,125,980,1,1524
2015,9,WN,Southwest Airlines Co.,1170,137,43,5,30,0,59,4,2,6699,2181,343,1093,13,3068
2015,10,AA,American Airlines Inc.,868,114,40,4,40,0,30,8,2,6615,2481,387,1573,12,2162
2015,10,B6,JetBlue Airways,359,66,24,1,21,0,19,2,1,3480,1195,65,1036,5,1180
2015,10,DL,Delta Air Lines Inc.,528,41,17,1,14,0,10,0,1,2317,1229,55,495,1,537
2015,10,UA,United Air Lines Inc.,540,64,25,1,19,0,19,2,1,4035,1491,66,887,0,1591
2015,10,WN,Southwest Airlines Co.,1215,145,48,3,30,0,63,4,2,7178,2345,301,1155,3,3374
2015,11,AA,American Airlines Inc.,830,127,42,5,45,1,35,6,2,7264,2548,445,1792,49,2430
2015,11,B6,JetBlue Airways,368,60,22,0,20,0,17,2,1,3184,1153,30,885,12,1104
2015,11,DL,Delta Air Lines Inc.,516,54,18,2,19,0,14,0,1,2969,1323,144,708,6,788
2015,11,UA,United Air Lines Inc.,508,77,26,3,24,0,24,4,1,5578,1702,267,1431,1,2177
2015,11,WN,Southwest Airlines Co.,1210,188,59,4,37,0,87,11,2,8838,2942,319,1354,14,4209
2015,12,AA,American Airlines Inc.,832,157,52,5,55,1,44,14,2,9200,3283,516,2238,26,3137
2015,12,B6,JetBlue Airways,389,114,40,1,31,1,42,1,1,7398,2391,185,1490,27,3305
2015,12,DL,Delta Air Lines Inc.,481,77,24,5,24,0,23,1,1,5297,1777,594,1191,2,1732
2015,12,UA,United Air Lines Inc.,505,101,36,4,27,0,34,9,1,8024,2477,400,1764,0,3383
2015,12,WN,Southwest Airlines Co.,1250,276,87,6,45,1,137,19,3,14448,4251,563,1745,23,7866
2016,1,AA,American Airlines Inc.,796,131,46,4,45,0,36,29,1,7321,3076,382,1551,15,2296
2016,1,B6,JetBlue Airways,371,98,36,2,26,0,35,14,1,5712,1956,193,1088,18,2456
2016,1,DL,Delta Air Lines Inc.,471,62,20,4,22,0,17,7,1,3973,1544,414,905,1,1109
2016,1,UA,United Air Lines Inc.,462,65,24,3,20,0,17,16,1,3990,1438,194,1024,1,1334
2016,1,WN,Southwest Airlines Co.,1211,164,52,4,34,0,74,31,2,7626,2515,283,1172,13,3643
2016,2,AA,American Airlines Inc.,752,116,36,3,44,0,31,11,1,6878,2317,343,1972,11,2236
2016,2,B6,JetBlue Airways,351,99,32,3,28,0,35,9,1,7778,2205,435,1632,13,3493
2016,2,DL,Delta Air Lines Inc.,452,58,18,3,20,0,17,2,1,3990,1436,384,985,2,1182
2016,2,UA,United Air Lines Inc.,469,60,19,3,20,0,18,4,1,4503,1256,287,1341,0,1619
2016,2,WN,Southwest Airlines Co.,1131,119,37,4,26,0,52,16,2,5917,1855,360,961,7,2734
2016,3,AA,American Airlines Inc.,860,160,47,4,58,1,50,5,2,9155,3070,362,2286,33,3404
2016,3,B6,JetBlue Airways,384,89,30,1,27,0,31,2,1,5412,1737,97,1283,24,2272
2016,3,DL,Delta Air Lines Inc.,532,63,21,2,22,0,18,0,1,3806,1584,192,925,3,1102
2016,3,UA,United Air Lines Inc.,515,91,27,3,30,0,31,6,1,6256,1857,234,1590,0,2574
2016,3,WN,Southwest Airlines Co.,1302,228,61,6,51,0,110,15,3,10796,2904,501,1935,14,5442
2016,4,AA,American Airlines Inc.,814,125,39,3,48,0,35,7,2,7364,2517,385,1956,12,2494
2016,4,B6,JetBlue Airways,374,75,26,1,22,0,26,3,1,5074,1605,58,1187,10,2213
2016,4,DL,Delta Air Lines Inc.,525,50,19,1,16,0,14,0,1,3115,1488,120,656,1,850
2016,4,UA,United Air Lines Inc.,497,66,20,2,21,0,23,7,1,4451,1344,156,1102,0,1850
2016,4,WN,Southwest Airlines Co.,1254,222,60,5,49,1,107,11,2,10664,2881,427,1855,19,5482
2016,5,AA,American Airlines Inc.,894,164,48,8,60,1,47,6,3,10275,3406,782,2532,18,3537
2016,5,B6,JetBlue Airways,362,68,24,1,21,0,21,1,1,3686,1273,142,895,10,1366
2016,5,DL,Delta Air Lines Inc.,556,62,23,2,20,0,17,0,1,3582,1689,148,735,3,1006
2016,5,UA,United Air Lines Inc.,540,83,26,3,27,0,27,3,2,5692,1665,289,1411,0,2327
2016,5,WN,Southwest Airlines Co.,1277,228,61,7,49,1,111,7,5,11051,2817,646,1820,19,5750
2016,6,AA,American Airlines Inc.,895,234,71,9,73,0,82,9,3,15658,5111,920,3365,21,6242
2016,6,B6,JetBlue Airways,361,89,28,2,28,0,31,3,1,5593,1577,169,1555,16,2275
2016,6,DL,Delta Air Lines Inc.,540,88,27,4,28,0,28,0,2,5870,2058,406,1381,3,2021
2016,6,UA,United Air Lines Inc.,522,102,32,4,32,0,33,4,3,7208,2081,416,1729,0,2982
2016,6,WN,Southwest Airlines Co.,1291,308,89,9,57,1,153,17,5,17003,4744,793,2400,56,9010
2016,7,AA,American Airlines Inc.,928,252,75,11,78,1,88,16,4,17371,5382,1033,4060,26,6870
2016,7,B6,JetBlue Airways,378,113,36,3,32,0,41,8,1,8584,2387,407,2258,19,3513
2016,7,DL,Delta Air Lines Inc.,569,101,32,6,33,0,30,2,2,8122,2694,628,2224,2,2573
2016,7,UA,United Air Lines Inc.,559,122,37,7,37,0,42,7,3,9456,2512,695,2357,0,3893
2016,7,WN,Southwest Airlines Co.,1324,342,104,12,57,0,168,39,6,21420,6461,1093,2716,17,11133
2016,8,AA,American Airlines Inc.,863,223,66,9,73,1,75,16,3,15074,4898,912,3656,44,5565
2016,8,B6,JetBlue Airways,375,96,30,3,26,0,37,5,1,6612,1848,263,1670,23,2808
2016,8,DL,Delta Air Lines Inc.,560,99,39,3,26,0,31,12,1,9333,4494,250,1494,11,3084
2016,8,UA,United Air Lines Inc.,565,122,35,5,41,0,40,4,2,8172,2175,370,2152,20,3455
2016,8,WN,Southwest Airlines Co.,1273,244,66,9,57,0,112,8,4,11965,3229,676,2181,34,5845
2016,9,AA,American Airlines Inc.,763,127,38,5,49,0,34,3,1,7107,2455,342,1999,10,2301
2016,9,B6,JetBlue Airways,339,70,20,2,24,0,24,2,1,3989,1104,139,1120,13,1613
2016,9,DL,Delta Air Lines Inc.,507,49,17,2,18,0,12,0,1,2881,1261,176,720,3,722
2016,9,UA,United Air Lines Inc.,539,81,26,3,29,0,24,2,1,5233,1667,178,1392,0,1996
2016,9,WN,Southwest Airlines Co.,1196,167,46,5,40,0,76,4,2,7583,2162,314,1435,7,3666
2016,10,AA,American Airlines Inc.,808,114,37,1,45,0,31,9,1,5854,2236,74,1635,11,1898
2016,10,B6,JetBlue Airways,357,73,25,1,22,0,25,8,1,3961,1344,88,964,10,1555
2016,10,DL,Delta Air Lines Inc.,534,38,15,1,14,0,9,3,0,2069,1050,28,541,3,447
2016,10,UA,United Air Lines Inc.,561,89,28,1,32,0,28,4,1,5644,1721,47,1635,1,2240
2016,10,WN,Southwest Airlines Co.,1245,177,45,2,48,0,81,11,1,7486,2042,159,1690,3,3592
2016,11,AA,American Airlines Inc.,789,112,33,1,47,0,30,2,1,5695,1961,87,1701,16,1929
2016,11,B6,JetBlue Airways,365,56,20,0,19,0,17,1,1,3050,1160,20,788,5,1076
2016,11,DL,Delta Air Lines Inc.,494,42,15,1,16,0,10,0,1,2331,1073,76,602,3,576
2016,11,UA,United Air Lines Inc.,524,71,22,1,26,0,22,1,1,4426,1342,140,1260,0,1684
2016,11,WN,Southwest Airlines Co.,1229,167,45,3,42,1,76,3,2,7067,1997,222,1436,24,3389
2016,12,AA,American Airlines Inc.,794,159,49,4,56,0,49,6,1,9405,3232,425,2201,21,3526
2016,12,B6,JetBlue Airways,386,105,35,1,30,0,38,4,2,6922,2158,177,1396,34,3157
2016,12,DL,Delta Air Lines Inc.,484,88,30,5,30,0,24,1,1,5834,2262,492,1373,4,1703
2016,12,UA,United Air Lines Inc.,497,112,36,5,37,0,34,6,1,7718,2171,556,1973,2,3015
2016,12,WN,Southwest Airlines Co.,1274,296,85,5,58,0,146,22,2,14826,4038,464,2292,13,8020
2017,1,AA,American Airlines Inc.,786,151,44,3,61,1,42,11,2,8336,2820,354,2314,27,2821
2017,1,B6,JetBlue Airways,391,96,31,1,28,1,35,8,2,6403,1953,138,1465,30,2817
2017,1,DL,Delta Air Lines Inc.,469,84,28,7,26,0,23,5,1,6653,2590,803,1413,3,1844
2017,1,UA,United Air Lines Inc.,487,102,31,3,39,0,28,3,1,7085,2176,261,2151,2,2496
2017,1,WN,Southwest Airlines Co.,1239,285,68,7,71,0,138,27,3,14057,3346,621,2766,9,7315
2017,2,AA,American Airlines Inc.,714,96,30,1,40,0,25,8,1,5383,2014,165,1484,5,1714
2017,2,B6,JetBlue Airways,357,82,25,1,26,0,29,16,1,4827,1496,119,1192,12,2009
2017,2,DL,Delta Air Lines Inc.,438,43,14,2,16,0,11,2,1,2636,1013,206,722,1,695
2017,2,UA,United Air Lines Inc.,435,75,21,2,30,0,23,4,1,5333,1421,198,1754,0,1959
2017,2,WN,Southwest Airlines Co.,1100,177,41,5,51,0,81,15,2,7790,1877,342,1756,2,3812
2017,3,AA,American Airlines Inc.,868,157,46,3,59,0,48,14,1,8943,3116,198,2303,17,3309
2017,3,B6,JetBlue Airways,406,102,31,1,34,0,36,16,0,6917,2004,84,2021,8,2800
2017,3,DL,Delta Air Lines Inc.,531,66,20,3,24,0,18,3,1,4447,1599,328,1248,2,1270
2017,3,UA,United Air Lines Inc.,521,91,24,2,36,0,29,7,1,6041,1636,121,1950,0,2335
2017,3,WN,Southwest Airlines Co.,1323,244,59,5,62,0,117,24,2,10787,2659,425,2204,10,5489
2017,4,AA,American Airlines Inc.,767,154,41,4,60,0,49,8,1,9905,2919,302,2840,11,3832
2017,4,B6,JetBlue Airways,394,102,30,1,33,0,38,6,1,7867,2048,87,2306,10,3416
2017,4,DL,Delta Air Lines Inc.,531,100,32,10,28,0,30,22,1,10109,3550,1545,1960,3,3051
2017,4,UA,United Air Lines Inc.,469,84,19,1,38,0,25,0,1,5804,1288,102,2287,0,2127
2017,4,WN,Southwest Airlines Co.,1290,252,62,5,60,0,124,10,2,12684,3092,482,2438,3,6670
2017,5,AA,American Airlines Inc.,831,158,43,3,64,0,49,5,2,9327,2906,192,2845,15,3369
2017,5,B6,JetBlue Airways,381,114,34,1,37,0,43,10,1,9236,2415,91,2850,13,3866
2017,5,DL,Delta Air Lines Inc.,549,93,28,2,35,0,28,0,1,6047,2060,147,2027,3,1811
2017,5,UA,United Air Lines Inc.,531,92,20,2,44,0,27,1,1,6480,1506,219,2519,0,2235
2017,5,WN,Southwest Airlines Co.,1302,287,75,7,64,0,142,6,2,14257,3590,561,2672,10,7425
2017,6,AA,American Airlines Inc.,787,195,51,9,67,0,68,13,2,13113,3688,766,3444,19,5197
2017,6,B6,JetBlue Airways,378,139,38,3,41,0,57,9,1,11516,2900,367,2884,14,5352
2017,6,DL,Delta Air Lines Inc.,544,92,28,4,33,0,27,1,1,6110,2107,316,1819,6,1862
2017,6,UA,United Air Lines Inc.,525,104,24,3,42,0,35,2,2,7768,1932,304,2472,1,3060
2017,6,WN,Southwest Airlines Co.,1309,333,90,10,64,0,169,13,3,17771,4610,926,2728,28,9479
2017,7,AA,American Airlines Inc.,863,212,60,11,67,1,74,16,4,14557,4392,989,3410,36,5730
2017,7,B6,JetBlue Airways,395,133,40,3,36,0,53,10,1,10699,2940,326,2627,13,4793
2017,7,DL,Delta Air Lines Inc.,569,94,30,5,32,0,27,0,2,6449,2402,363,1764,15,1905
2017,7,UA,United Air Lines Inc.,547,110,26,5,38,0,40,4,2,8745,2001,524,2458,0,3762
2017,7,WN,Southwest Airlines Co.,1372,331,91,12,63,0,164,10,4,16932,4453,915,2619,15,8930
2017,8,AA,American Airlines Inc.,809,168,48,6,61,1,53,10,2,10033,3140,460,2723,25,3685
2017,8,B6,JetBlue Airways,391,115,36,2,32,1,43,9,1,8213,2550,257,1888,23,3495
2017,8,DL,Delta Air Lines Inc.,573,70,23,2,25,0,20,1,1,4110,1642,154,1126,6,1182
2017,8,UA,United Air Lines Inc.,554,101,22,5,41,0,33,22,2,7043,1523,509,2251,1,2758
2017,8,WN,Southwest Airlines Co.,1351,361,99,9,71,0,181,39,3,18175,4876,767,2837,15,9680
2017,9,AA,American Airlines Inc.,735,91,31,2,34,0,23,34,1,5139,1951,228,1313,15,1633
2017,9,B6,JetBlue Airways,358,73,21,2,25,0,25,33,1,5202,1494,155,1533,7,2013
2017,9,DL,Delta Air Lines Inc.,521,46,17,2,17,0,10,12,1,2974,1265,257,817,2,633
2017,9,UA,United Air Lines Inc.,494,57,14,1,26,0,16,15,1,3395,906,89,1264,0,1136
2017,9,WN,Southwest Airlines Co.,1228,174,52,4,36,0,81,40,2,8408,2383,334,1430,6,4255
2017,10,AA,American Airlines Inc.,765,109,36,2,42,0,29,4,1,6010,2217,121,1624,15,2032
2017,10,B6,JetBlue Airways,374,68,20,1,25,0,22,8,1,4519,1200,95,1622,9,1593
2017,10,DL,Delta Air Lines Inc.,544,57,19,2,20,0,16,0,1,3476,1368,93,1067,7,940
2017,10,UA,United Air Lines Inc.,534,73,17,2,32,0,22,2,1,4878,1071,174,1912,1,1720
2017,10,WN,Southwest Airlines Co.,1282,188,59,1,40,1,88,8,1,8286,2853,73,1377,38,3946
2017,11,AA,American Airlines Inc.,718,79,29,1,27,0,21,1,1,4091,1725,58,864,45,1399
2017,11,B6,JetBlue Airways,370,48,17,0,16,0,14,1,1,2466,931,12,657,36,830
2017,11,DL,Delta Air Lines Inc.,509,32,12,1,12,0,6,0,0,1706,881,54,429,3,340
2017,11,UA,United Air Lines Inc.,537,61,15,0,27,0,19,0,0,3906,996,29,1402,0,1480
2017,11,WN,Southwest Airlines Co.,1268,150,53,1,26,1,70,6,1,7181,2639,99,886,59,3497
2017,12,AA,American Airlines Inc.,737,128,40,4,46,0,38,3,1,7616,2653,439,1806,13,2705
2017,12,B6,JetBlue Airways,390,100,33,2,29,0,36,1,1,6712,2230,193,1345,14,2931
2017,12,DL,Delta Air Lines Inc.,492,66,23,5,22,0,17,14,1,4907,1828,696,1302,6,1076
2017,12,UA,United Air Lines Inc.,491,74,19,3,31,0,20,1,1,4599,1204,307,1501,0,1587
2017,12,WN,Southwest Airlines Co.,1291,256,83,3,46,1,124,12,2,12079,3939,239,1721,71,6109
2018,1,AA,American Airlines Inc.,767,118,40,5,40,0,33,15,1,7041,2656,388,1576,12,2409
2018,1,B6,JetBlue Airways,389,109,39,2,26,0,41,23,1,8298,3030,227,1387,19,3636
2018,1,DL,Delta Air Lines Inc.,488,65,19,7,20,0,19,11,1,5099,1518,903,1237,1,1440
2018,1,UA,United Air Lines Inc.,468,62,16,3,26,0,17,9,1,3947,1007,330,1241,0,1369
2018,1,WN,Southwest Airlines Co.,1275,201,60,2,48,1,90,29,2,9124,2821,163,1784,26,4330
2018,2,AA,American Airlines Inc.,712,126,35,5,49,0,37,9,2,7341,2319,379,2051,8,2583
2018,2,B6,JetBlue Airways,357,84,31,1,24,0,28,6,1,4932,1915,62,1067,7,1882
2018,2,DL,Delta Air Lines Inc.,454,54,17,3,19,0,15,0,1,3737,1396,332,884,4,1121
2018,2,UA,United Air Lines Inc.,438,64,14,3,32,0,15,2,1,3954,891,301,1530,3,1230
2018,2,WN,Southwest Airlines Co.,1128,232,70,2,53,1,106,24,3,10517,3275,187,2003,29,5023
2018,3,AA,American Airlines Inc.,823,118,42,2,37,0,37,26,1,6430,2564,185,1290,15,2376
2018,3,B6,JetBlue Airways,414,121,43,1,31,0,45,27,1,7322,2773,158,1282,18,3092
2018,3,DL,Delta Air Lines Inc.,557,66,23,3,23,0,18,6,1,3881,1529,402,937,5,1008
2018,3,UA,United Air Lines Inc.,524,72,18,2,30,0,21,12,1,4665,1198,240,1555,0,1672
2018,3,WN,Southwest Airlines Co.,1354,259,84,3,48,1,123,26,1,12279,4085,213,1828,41,6112
2018,4,AA,American Airlines Inc.,759,116,37,3,39,0,35,5,2,6867,2471,296,1620,8,2472
2018,4,B6,JetBlue Airways,404,124,40,2,35,0,47,5,1,8708,2700,199,1845,9,3955
2018,4,DL,Delta Air Lines Inc.,538,70,22,2,28,0,18,2,1,4223,1579,273,1190,3,1178
2018,4,UA,United Air Lines Inc.,494,78,18,2,34,0,24,1,1,5255,1242,231,1733,0,2050
2018,4,WN,Southwest Airlines Co.,1327,280,89,3,51,1,136,14,2,14312,4677,243,1994,26,7371
2018,5,AA,American Airlines Inc.,829,165,49,7,53,0,56,10,3,11053,3437,615,2628,8,4364
2018,5,B6,JetBlue Airways,384,105,36,1,30,0,38,5,1,6818,2169,151,1637,12,2848
2018,5,DL,Delta Air Lines Inc.,564,83,26,3,32,0,22,0,1,4934,1850,320,1485,7,1272
2018,5,UA,United Air Lines Inc.,539,108,23,5,48,0,33,3,2,7984,1665,506,2793,0,3020
2018,5,WN,Southwest Airlines Co.,1359,301,93,6,55,1,146,17,3,16169,4796,476,2582,36,8279
2018,6,AA,American Airlines Inc.,784,189,57,10,54,0,68,14,3,12167,3812,855,2496,11,4993
2018,6,B6,JetBlue Airways,380,95,31,3,27,0,35,4,1,5953,1803,214,1415,9,2511
2018,6,DL,Delta Air Lines Inc.,561,101,31,7,32,0,31,1,2,7839,2587,772,1847,4,2629
2018,6,UA,United Air Lines Inc.,505,121,26,5,48,0,42,2,2,8692,1916,480,2486,0,3810
2018,6,WN,Southwest Airlines Co.,1348,283,90,7,51,1,133,15,4,15301,4654,537,2339,46,7725
2018,7,AA,American Airlines Inc.,807,220,65,11,66,0,78,19,3,14826,4460,1041,3322,23,5979
2018,7,B6,JetBlue Airways,392,118,34,4,35,0,44,9,1,9003,2317,425,2399,11,3850
2018,7,DL,Delta Air Lines Inc.,589,95,27,6,33,0,29,1,2,7071,2062,579,2066,3,2361
2018,7,UA,United Air Lines Inc.,535,128,29,5,47,0,46,4,2,9677,2237,601,2571,0,4268
2018,7,WN,Southwest Airlines Co.,1413,331,105,9,63,1,152,25,4,18581,5524,753,3037,54,9214
2018,8,AA,American Airlines Inc.,804,204,60,10,67,0,66,14,3,13634,4167,874,3467,14,5112
2018,8,B6,JetBlue Airways,392,119,34,3,36,0,44,10,1,9738,2554,340,2670,25,4149
2018,8,DL,Delta Air Lines Inc.,594,97,28,5,34,0,29,1,2,6902,2116,450,2084,5,2248
2018,8,UA,United Air Lines Inc.,541,148,32,7,58,0,52,7,3,11641,2439,795,3569,0,4838
2018,8,WN,Southwest Airlines Co.,1359,274,85,8,61,1,120,23,4,15148,4664,571,2872,30,7010
2018,9,AA,American Airlines Inc.,775,151,45,7,54,1,44,15,2,9938,3188,654,2615,91,3390
2018,9,B6,JetBlue Airways,354,75,20,2,30,0,23,4,1,4901,1356,175,1633,5,1732
2018,9,DL,Delta Air Lines Inc.,542,62,19,2,25,0,16,1,1,3572,1310,198,1132,5,927
2018,9,UA,United Air Lines Inc.,514,88,20,4,40,0,24,2,1,6159,1435,457,2092,0,2176
2018,9,WN,Southwest Airlines Co.,1258,174,53,5,41,1,75,12,2,8926,2738,335,1780,67,4006
2018,10,AA,American Airlines Inc.,798,160,47,5,56,0,52,7,2,10044,3266,533,2273,8,3963
2018,10,B6,JetBlue Airways,367,75,23,1,29,0,22,2,1,4468,1502,64,1386,3,1513
2018,10,DL,Delta Air Lines Inc.,566,55,18,1,22,0,14,1,1,2969,1212,160,800,2,795
2018,10,UA,United Air Lines Inc.,529,94,21,2,44,0,27,1,1,5536,1374,216,1861,0,2085
2018,10,WN,Southwest Airlines Co.,1349,213,66,3,48,0,96,8,2,9959,3236,211,1749,24,4737
2018,11,AA,American Airlines Inc.,769,140,45,3,51,0,41,5,1,8470,3070,374,2064,13,2950
2018,11,B6,JetBlue Airways,373,104,35,1,34,0,34,3,1,7248,2521,97,1802,12,2816
2018,11,DL,Delta Air Lines Inc.,519,85,22,4,33,0,26,1,1,4857,1565,373,1430,1,1488
2018,11,UA,United Air Lines Inc.,513,107,24,3,47,0,33,6,1,7249,1625,495,2414,0,2716
2018,11,WN,Southwest Airlines Co.,1320,228,75,3,45,1,105,11,2,11087,3729,249,1725,28,5355
2018,12,AA,American Airlines Inc.,746,137,42,4,50,0,39,14,2,7749,2694,407,1859,18,2771
2018,12,B6,JetBlue Airways,373,93,35,0,26,0,32,1,1,6670,2641,39,1267,8,2715
2018,12,DL,Delta Air Lines Inc.,510,54,17,2,21,0,13,0,1,2896,1143,214,810,1,729
2018,12,UA,United Air Lines Inc.,500,95,23,2,42,0,28,1,1,5927,1516,148,1891,0,2371
2018,12,WN,Southwest Airlines Co.,1330,269,93,2,47,2,125,11,2,12871,4408,197,1782,68,6417
